model_name,experiment,episode_id,scene,evaluation_mode,sensor_profile,comparison_track,camera_horizontal_fov_degrees,model_inputs,model_runtime,derived_inputs,model_internal_3d_perception,external_local_avoidance,uses_shared_path_follower,uses_shared_velocity_filter,instruction,seed,pedestrian_count,success,navigation_error,spl,path_length,duration,physical_collision_count,pedestrian_collision_count,collision_rate,stuck_count,recovery_count,mean_inference_latency,p50_inference_latency,p95_inference_latency,max_inference_latency,mean_vlm_latency,mean_action_expert_latency,mean_control_frequency,minimum_control_frequency,direct_velocity,official_pedestrian_count,effective_pedestrian_count
ticvla,dynanav_full85_noped_20260828,dynanav_001,hospital,trajectory_normalized,rgb_only,rgb_only,120.0,"[""rgb"",""motion_state"",""inference_latency"",""instruction""]","{""sensors"":[""rgb"",""odom""],""derived_inputs"":[],""model_internal_3d_perception"":false,""external_local_avoidance"":false,""uses_shared_path_follower"":true,""uses_shared_velocity_filter"":true}",[],False,False,True,True,Go straight ahead and stop at the vending machine at front.,666,0,False,9.660000717,0.0,30.098940349447375,40.06,4,0,0.09985022466300549,0,0,1.0716501838069852,1.068743348121643,1.1123915672302247,1.3553828001022339,1.070719581539348,0.0009306021867383082,20.02299372504325,19.619292724273553,False,,
ticvla,dynanav_full85_noped_20260828,dynanav_002,hospital,trajectory_normalized,rgb_only,rgb_only,120.0,"[""rgb"",""motion_state"",""inference_latency"",""instruction""]","{""sensors"":[""rgb"",""odom""],""derived_inputs"":[],""model_internal_3d_perception"":false,""external_local_avoidance"":false,""uses_shared_path_follower"":true,""uses_shared_velocity_filter"":true}",[],False,False,True,True,Go straight ahead and stop at the front of the vending machine at front left.,666,10,True,1.499263543,1.0,12.029419355563535,33.159999999,0,0,0.0,0,0,1.031808258427514,1.0319880247116089,1.0588088274002074,1.072123408317566,1.03098015387853,0.0008280947804450989,20.031480497192618,19.727835175497702,False,,
ticvla,dynanav_full85_noped_20260828,dynanav_003,hospital,trajectory_normalized,rgb_only,rgb_only,120.0,"[""rgb"",""motion_state"",""inference_latency"",""instruction""]","{""sensors"":[""rgb"",""odom""],""derived_inputs"":[],""model_internal_3d_perception"":false,""external_local_avoidance"":false,""uses_shared_path_follower"":true,""uses_shared_velocity_filter"":true}",[],False,False,True,True,Go straight ahead and stop at the front of the vending machine at front left.,666,20,False,27.617292792,0.0,45.92662167383175,60.059999999,8,0,0.133200133202351,0,0,1.0310399448170382,1.0312895774841309,1.0666625261306761,1.0798277854919434,1.0302197912160087,0.0008201544981121141,20.016540025933022,19.83399776153967,False,,
ticvla,dynanav_full85_noped_20260828,dynanav_004,hospital,trajectory_normalized,rgb_only,rgb_only,120.0,"[""rgb"",""motion_state"",""inference_latency"",""instruction""]","{""sensors"":[""rgb"",""odom""],""derived_inputs"":[],""model_internal_3d_perception"":false,""external_local_avoidance"":false,""uses_shared_path_follower"":true,""uses_shared_velocity_filter"":true}",[],False,False,True,True,Go straight ahead and stop at the front of the vending machine at front left.,666,30,True,1.495037285,1.0,12.163546174566138,17.54,0,0,0.0,0,0,1.0294149617354076,1.0285437107086182,1.0604688227176666,1.077102541923523,1.0285866831739743,0.0008282836594541246,20.084310489720657,19.789265278537815,False,,
ticvla,dynanav_full85_noped_20260828,dynanav_005,hospital,trajectory_normalized,rgb_only,rgb_only,120.0,"[""rgb"",""motion_state"",""inference_latency"",""instruction""]","{""sensors"":[""rgb"",""odom""],""derived_inputs"":[],""model_internal_3d_perception"":false,""external_local_avoidance"":false,""uses_shared_path_follower"":true,""uses_shared_velocity_filter"":true}",[],False,False,True,True,Go straight ahead and stop at the front of the vending machine at front left.,666,40,False,30.337423088,0.0,50.143601487659026,80.16,175,0,2.1831337325349303,3,3,1.048892235237619,1.0472698211669922,1.0993706822395324,1.1494369506835938,1.0480591810267905,0.0008330546511823068,20.01354453680601,19.710733562609384,False,,
ticvla,dynanav_full85_noped_20260828,dynanav_006,hospital,trajectory_normalized,rgb_only,rgb_only,120.0,"[""rgb"",""motion_state"",""inference_latency"",""instruction""]","{""sensors"":[""rgb"",""odom""],""derived_inputs"":[],""model_internal_3d_perception"":false,""external_local_avoidance"":false,""uses_shared_path_follower"":true,""uses_shared_velocity_filter"":true}",[],False,False,True,True,Walk straight down the hallway and stop at the red bed located to the right of the doors.,666,0,True,1.499722913,1.0,31.498627842893068,41.179999999,0,0,0.0,0,0,1.0468172256288857,1.0462514758110046,1.0888625919818877,1.0974655151367188,1.0459849330885658,0.0008323002377814003,20.032830812145402,19.66128635703091,False,,
ticvla,dynanav_full85_noped_20260828,dynanav_007,hospital,trajectory_normalized,rgb_only,rgb_only,120.0,"[""rgb"",""motion_state"",""inference_latency"",""instruction""]","{""sensors"":[""rgb"",""odom""],""derived_inputs"":[],""model_internal_3d_perception"":false,""external_local_avoidance"":false,""uses_shared_path_follower"":true,""uses_shared_velocity_filter"":true}",[],False,False,True,True,Walk straight down the hallway and stop at the red bed located to the right of the doors.,666,10,True,1.494685498,1.0,31.846201498479147,42.260000000000005,0,0,0.0,0,0,1.0436737638408855,1.0443577766418457,1.0898481488227845,1.0917789936065674,1.0428557042348183,0.0008180667074018363,20.023017703504262,19.79604610307014,False,,
ticvla,dynanav_full85_noped_20260828,dynanav_008,hospital,trajectory_normalized,rgb_only,rgb_only,120.0,"[""rgb"",""motion_state"",""inference_latency"",""instruction""]","{""sensors"":[""rgb"",""odom""],""derived_inputs"":[],""model_internal_3d_perception"":false,""external_local_avoidance"":false,""uses_shared_path_follower"":true,""uses_shared_velocity_filter"":true}",[],False,False,True,True,Walk straight down the hallway and stop at the red bed located to the right of the doors.,666,20,False,30.612739683,0.0,60.5617750787242,75.06,18,0,0.2398081534772182,0,0,1.0435442094490908,1.0411940813064575,1.0846109747886659,1.1129708290100098,1.042686987146039,0.00085721811536421,20.012653268437838,18.866277466821405,False,,
ticvla,dynanav_full85_noped_20260828,dynanav_009,hospital,trajectory_normalized,rgb_only,rgb_only,120.0,"[""rgb"",""motion_state"",""inference_latency"",""instruction""]","{""sensors"":[""rgb"",""odom""],""derived_inputs"":[],""model_internal_3d_perception"":false,""external_local_avoidance"":false,""uses_shared_path_follower"":true,""uses_shared_velocity_filter"":true}",[],False,False,True,True,Walk straight down the hallway and stop at the red bed located to the right of the doors.,666,30,False,18.067377765,0.0,47.92062980412414,85.02,71,0,0.8350976240884498,4,4,1.0443027566287144,1.0443122386932373,1.0895248651504517,1.104809284210205,1.0434620754777892,0.000840685315899674,20.013181884019033,19.179674973528275,False,,
ticvla,dynanav_full85_noped_20260828,dynanav_010,hospital,trajectory_normalized,rgb_only,rgb_only,120.0,"[""rgb"",""motion_state"",""inference_latency"",""instruction""]","{""sensors"":[""rgb"",""odom""],""derived_inputs"":[],""model_internal_3d_perception"":false,""external_local_avoidance"":false,""uses_shared_path_follower"":true,""uses_shared_velocity_filter"":true}",[],False,False,True,True,Walk straight down the hallway and stop at the red bed located to the right of the doors.,666,40,False,5.005028056,0.0,30.847712290744877,95.02,285,0,2.999368553988634,11,11,1.031998157069303,1.0381245613098145,1.0720387697219849,1.1019536256790161,1.0311668502247853,0.0008313094478343492,20.010200868679398,19.739646311791926,False,,
ticvla,dynanav_full85_noped_20260828,dynanav_011,hospital,trajectory_normalized,rgb_only,rgb_only,120.0,"[""rgb"",""motion_state"",""inference_latency"",""instruction""]","{""sensors"":[""rgb"",""odom""],""derived_inputs"":[],""model_internal_3d_perception"":false,""external_local_avoidance"":false,""uses_shared_path_follower"":true,""uses_shared_velocity_filter"":true}",[],False,False,True,True,Go straight past the wheelchairs and stop at the water dispenser by the window.,666,0,True,1.493127967,1.0,13.838349706662644,16.059999999,0,0,0.0,0,0,1.0620283755389126,1.0622504353523254,1.0991026639938355,1.10603666305542,1.0611978498372165,0.0008305365918204188,20.085683858836408,19.741647417168995,False,,
ticvla,dynanav_full85_noped_20260828,dynanav_012,hospital,trajectory_normalized,rgb_only,rgb_only,120.0,"[""rgb"",""motion_state"",""inference_latency"",""instruction""]","{""sensors"":[""rgb"",""odom""],""derived_inputs"":[],""model_internal_3d_perception"":false,""external_local_avoidance"":false,""uses_shared_path_follower"":true,""uses_shared_velocity_filter"":true}",[],False,False,True,True,Go straight past the wheelchairs and stop at the water dispenser by the window.,666,10,True,1.489875538,1.0,14.326179629608152,19.279999998999998,0,0,0.0,0,0,1.0508827429551344,1.0501413345336914,1.0760108828544617,1.084973692893982,1.050065421141111,0.0008173184872318346,20.061241763963174,19.801387327110124,False,,
ticvla,dynanav_full85_noped_20260828,dynanav_013,hospital,trajectory_normalized,rgb_only,rgb_only,120.0,"[""rgb"",""motion_state"",""inference_latency"",""instruction""]","{""sensors"":[""rgb"",""odom""],""derived_inputs"":[],""model_internal_3d_perception"":false,""external_local_avoidance"":false,""uses_shared_path_follower"":true,""uses_shared_velocity_filter"":true}",[],False,False,True,True,Go straight past the wheelchairs and stop at the water dispenser by the window.,666,20,True,1.496916824,1.0,13.745081473511027,15.939999999999998,0,0,0.0,0,0,1.0712529962713069,1.0697161555290222,1.1305760324001313,1.1482393741607666,1.070430419661782,0.0008225894522514533,20.06631993714673,19.489668496842153,False,,
ticvla,dynanav_full85_noped_20260828,dynanav_014,hospital,trajectory_normalized,rgb_only,rgb_only,120.0,"[""rgb"",""motion_state"",""inference_latency"",""instruction""]","{""sensors"":[""rgb"",""odom""],""derived_inputs"":[],""model_internal_3d_perception"":false,""external_local_avoidance"":false,""uses_shared_path_follower"":true,""uses_shared_velocity_filter"":true}",[],False,False,True,True,Go straight past the wheelchairs and stop at the water dispenser by the window.,666,30,True,1.489741401,1.0,13.952671098771432,16.2,0,0,0.0,0,0,1.066168468931447,1.0621904134750366,1.1101467251777648,1.132743000984192,1.065341000971587,0.0008274570876813453,20.09725433039115,19.792843736633753,False,,
ticvla,dynanav_full85_noped_20260828,dynanav_015,hospital,trajectory_normalized,rgb_only,rgb_only,120.0,"[""rgb"",""motion_state"",""inference_latency"",""instruction""]","{""sensors"":[""rgb"",""odom""],""derived_inputs"":[],""model_internal_3d_perception"":false,""external_local_avoidance"":false,""uses_shared_path_follower"":true,""uses_shared_velocity_filter"":true}",[],False,False,True,True,Go straight past the wheelchairs and stop at the water dispenser by the window.,666,40,True,1.499807593,1.0,14.268376509935973,18.039999999,0,0,0.0,0,0,1.049941785633564,1.0464650988578796,1.0817153573036193,1.119929552078247,1.0491447299718857,0.0007970653192993874,20.074117233710016,19.72626684910441,False,,
ticvla,dynanav_full85_noped_20260828,dynanav_016,hospital,trajectory_normalized,rgb_only,rgb_only,120.0,"[""rgb"",""motion_state"",""inference_latency"",""instruction""]","{""sensors"":[""rgb"",""odom""],""derived_inputs"":[],""model_internal_3d_perception"":false,""external_local_avoidance"":false,""uses_shared_path_follower"":true,""uses_shared_velocity_filter"":true}",[],False,False,True,True,"Move forward toward the staircase, then turn left to enter the hallway. Continue straight ahead and stop in front of the blue hospital bed on the right side of the hallway.",666,0,False,11.371555494,0.0,17.224182179298175,85.01999999899999,50,0,0.588096918379065,7,7,1.041580094286233,1.0432063341140747,1.0793794393539429,1.1077299118041992,1.0407316862059033,0.0008484078917560006,20.011886048970204,19.69531544226451,False,,
ticvla,dynanav_full85_noped_20260828,dynanav_017,hospital,trajectory_normalized,rgb_only,rgb_only,120.0,"[""rgb"",""motion_state"",""inference_latency"",""instruction""]","{""sensors"":[""rgb"",""odom""],""derived_inputs"":[],""model_internal_3d_perception"":false,""external_local_avoidance"":false,""uses_shared_path_follower"":true,""uses_shared_velocity_filter"":true}",[],False,False,True,True,"Move forward toward the staircase, then turn left to enter the hallway. Continue straight ahead and stop in front of the blue hospital bed on the right side of the hallway.",666,10,True,1.497601743,0.8992896811197164,23.850980050699434,29.419999998999998,0,0,0.0,0,0,1.0401216206096469,1.0399584770202637,1.0661053955554962,1.091424822807312,1.0392869824454898,0.0008346342642436779,20.047011597269368,19.796778579130642,False,,
ticvla,dynanav_full85_noped_20260828,dynanav_018,hospital,trajectory_normalized,rgb_only,rgb_only,120.0,"[""rgb"",""motion_state"",""inference_latency"",""instruction""]","{""sensors"":[""rgb"",""odom""],""derived_inputs"":[],""model_internal_3d_perception"":false,""external_local_avoidance"":false,""uses_shared_path_follower"":true,""uses_shared_velocity_filter"":true}",[],False,False,True,True,"Move forward toward the staircase, then turn left to enter the hallway. Continue straight ahead and stop in front of the blue hospital bed on the right side of the hallway.",666,20,False,14.766513725,0.0,13.728410953398503,100.04,15,0,0.14994002399040382,18,18,1.0428498056199815,1.0402896404266357,1.101959478855133,1.1308461427688599,1.0420014920334022,0.0008483166319719101,20.010069519547706,18.957793422281963,False,,
ticvla,dynanav_full85_noped_20260828,dynanav_019,hospital,trajectory_normalized,rgb_only,rgb_only,120.0,"[""rgb"",""motion_state"",""inference_latency"",""instruction""]","{""sensors"":[""rgb"",""odom""],""derived_inputs"":[],""model_internal_3d_perception"":false,""external_local_avoidance"":false,""uses_shared_path_follower"":true,""uses_shared_velocity_filter"":true}",[],False,False,True,True,"Move forward toward the staircase, then turn left to enter the hallway. Continue straight ahead and stop in front of the blue hospital bed on the right side of the hallway.",666,30,False,32.120088379,0.0,59.97061670655979,115.03999999899999,143,0,1.2430458970900822,0,0,1.0394142237177655,1.041061520576477,1.0766075491905212,1.1004241704940796,1.0385981297200442,0.0008160946090802825,20.008452803769345,19.625320067932453,False,,
ticvla,dynanav_full85_noped_20260828,dynanav_020,hospital,trajectory_normalized,rgb_only,rgb_only,120.0,"[""rgb"",""motion_state"",""inference_latency"",""instruction""]","{""sensors"":[""rgb"",""odom""],""derived_inputs"":[],""model_internal_3d_perception"":false,""external_local_avoidance"":false,""uses_shared_path_follower"":true,""uses_shared_velocity_filter"":true}",[],False,False,True,True,"Move forward toward the staircase, then turn left to enter the hallway. Continue straight ahead and stop in front of the blue hospital bed on the right side of the hallway.",666,40,True,1.494153081,0.8923375936552257,24.03642419590122,28.46,4,0,0.14054813773717498,0,0,1.038646119396861,1.0371862649917603,1.0769782066345215,1.0967769622802734,1.0377945245766058,0.000851583823266371,20.064371194375365,19.69661269521338,False,,
ticvla,dynanav_full85_noped_20260828,dynanav_021,hospital,trajectory_normalized,rgb_only,rgb_only,120.0,"[""rgb"",""motion_state"",""inference_latency"",""instruction""]","{""sensors"":[""rgb"",""odom""],""derived_inputs"":[],""model_internal_3d_perception"":false,""external_local_avoidance"":false,""uses_shared_path_follower"":true,""uses_shared_velocity_filter"":true}",[],False,False,True,True,Exit the room and turn right to enter the hallway. Continue straight ahead and to the end of the hallway.,666,0,False,20.083855742,0.0,70.19959016564583,115.02000000000001,68,0,0.5912015301686663,0,0,1.0461049844150894,1.0450165271759033,1.0810700535774231,1.1128371953964233,1.0452724208861042,0.0008325614242248831,20.00850128048563,19.39277913333358,False,,
ticvla,dynanav_full85_noped_20260828,dynanav_022,hospital,trajectory_normalized,rgb_only,rgb_only,120.0,"[""rgb"",""motion_state"",""inference_latency"",""instruction""]","{""sensors"":[""rgb"",""odom""],""derived_inputs"":[],""model_internal_3d_perception"":false,""external_local_avoidance"":false,""uses_shared_path_follower"":true,""uses_shared_velocity_filter"":true}",[],False,False,True,True,Exit the room and turn right to enter the hallway. Continue straight ahead and to the end of the hallway.,666,10,True,1.485935553,0.8574155401467147,29.286077075712683,37.64,10,0,0.26567481402763016,0,0,1.0483339620086383,1.0470285415649414,1.091288948059082,1.100807785987854,1.0475043688180312,0.0008295858169044808,20.026248702906575,19.543782467298964,False,,
ticvla,dynanav_full85_noped_20260828,dynanav_023,hospital,trajectory_normalized,rgb_only,rgb_only,120.0,"[""rgb"",""motion_state"",""inference_latency"",""instruction""]","{""sensors"":[""rgb"",""odom""],""derived_inputs"":[],""model_internal_3d_perception"":false,""external_local_avoidance"":false,""uses_shared_path_follower"":true,""uses_shared_velocity_filter"":true}",[],False,False,True,True,Exit the room and turn right to enter the hallway. Continue straight ahead and to the end of the hallway.,666,20,False,40.698007816,0.0,100.19960581747608,145.02,37,0,0.25513722245207554,0,0,1.0380448897679646,1.0378320217132568,1.072299700975418,1.1174651384353638,1.0372216730725532,0.0008232190134460289,20.00852000414589,19.690119653550553,False,,
ticvla,dynanav_full85_noped_20260828,dynanav_024,hospital,trajectory_normalized,rgb_only,rgb_only,120.0,"[""rgb"",""motion_state"",""inference_latency"",""instruction""]","{""sensors"":[""rgb"",""odom""],""derived_inputs"":[],""model_internal_3d_perception"":false,""external_local_avoidance"":false,""uses_shared_path_follower"":true,""uses_shared_velocity_filter"":true}",[],False,False,True,True,Exit the room and turn right to enter the hallway. Continue straight ahead and to the end of the hallway.,666,30,False,2.435984735,0.0,91.53152538300762,160.20000000000002,244,0,1.5230961298377028,5,5,1.038944179241636,1.0382219552993774,1.07343190908432,1.1151388883590698,1.0381084728029977,0.0008357038584422419,20.00638878935465,19.527510424081537,False,,
ticvla,dynanav_full85_noped_20260828,dynanav_025,hospital,trajectory_normalized,rgb_only,rgb_only,120.0,"[""rgb"",""motion_state"",""inference_latency"",""instruction""]","{""sensors"":[""rgb"",""odom""],""derived_inputs"":[],""model_internal_3d_perception"":false,""external_local_avoidance"":false,""uses_shared_path_follower"":true,""uses_shared_velocity_filter"":true}",[],False,False,True,True,Exit the room and turn right to enter the hallway. Continue straight ahead and to the end of the hallway.,666,40,False,16.309418838,0.0,37.96858253730133,175.16000000000003,1263,0,7.210550353962091,2,2,1.0759239081483687,1.0829463005065918,1.126393234729767,1.1462231874465942,1.0749962268954647,0.0009276836717086606,20.005035481644924,19.422441453939495,False,,
ticvla,dynanav_full85_noped_20260828,dynanav_026,office,trajectory_normalized,rgb_only,rgb_only,120.0,"[""rgb"",""motion_state"",""inference_latency"",""instruction""]","{""sensors"":[""rgb"",""odom""],""derived_inputs"":[],""model_internal_3d_perception"":false,""external_local_avoidance"":false,""uses_shared_path_follower"":true,""uses_shared_velocity_filter"":true}",[],False,False,True,True,Go straight ahead and stop at the nearest elevator.,666,0,False,14.223472267,0.0,19.006194917870648,50.040000000000006,8,0,0.15987210231814547,2,1,1.0436646317442257,1.0458637475967407,1.0855223655700683,1.0897711515426636,1.0428196630544133,0.0008449659960913575,20.01998543651522,19.760082550202213,False,,
ticvla,dynanav_full85_noped_20260828,dynanav_027,office,trajectory_normalized,rgb_only,rgb_only,120.0,"[""rgb"",""motion_state"",""inference_latency"",""instruction""]","{""sensors"":[""rgb"",""odom""],""derived_inputs"":[],""model_internal_3d_perception"":false,""external_local_avoidance"":false,""uses_shared_path_follower"":true,""uses_shared_velocity_filter"":true}",[],False,False,True,True,Go straight ahead and stop at the nearest elevator.,666,10,False,23.974673747,0.0,29.671516436370442,60.019999999999996,54,0,0.8997000999666779,1,1,1.0436146501884904,1.0456470847129822,1.07966810464859,1.12276029586792,1.0427838945111563,0.0008307628950840512,20.016197490791004,19.82601643047808,False,,
ticvla,dynanav_full85_noped_20260828,dynanav_028,office,trajectory_normalized,rgb_only,rgb_only,120.0,"[""rgb"",""motion_state"",""inference_latency"",""instruction""]","{""sensors"":[""rgb"",""odom""],""derived_inputs"":[],""model_internal_3d_perception"":false,""external_local_avoidance"":false,""uses_shared_path_follower"":true,""uses_shared_velocity_filter"":true}",[],False,False,True,True,Go straight ahead and stop at the nearest elevator.,666,20,False,12.856007988,0.0,46.517091313139794,70.079999999,97,0,1.384132420111075,0,0,1.0479035213881849,1.0454726219177246,1.093843698501587,1.1172327995300293,1.0470949621761547,0.0008085484173623662,20.01960487869172,18.68872154501634,False,,
ticvla,dynanav_full85_noped_20260828,dynanav_029,office,trajectory_normalized,rgb_only,rgb_only,120.0,"[""rgb"",""motion_state"",""inference_latency"",""instruction""]","{""sensors"":[""rgb"",""odom""],""derived_inputs"":[],""model_internal_3d_perception"":false,""external_local_avoidance"":false,""uses_shared_path_follower"":true,""uses_shared_velocity_filter"":true}",[],False,False,True,True,Go straight ahead and stop at the nearest elevator.,666,30,False,14.214061313,0.0,21.225545951316192,80.12,223,0,2.783325012481278,18,17,1.0549536347389221,1.0536609888076782,1.1006121039390564,1.1378276348114014,1.0540884334108105,0.0008652067064995999,20.011996783705733,19.681902275151284,False,,
ticvla,dynanav_full85_noped_20260828,dynanav_030,office,trajectory_normalized,rgb_only,rgb_only,120.0,"[""rgb"",""motion_state"",""inference_latency"",""instruction""]","{""sensors"":[""rgb"",""odom""],""derived_inputs"":[],""model_internal_3d_perception"":false,""external_local_avoidance"":false,""uses_shared_path_follower"":true,""uses_shared_velocity_filter"":true}",[],False,False,True,True,Go straight ahead and stop at the nearest elevator.,666,40,False,9.169583497,0.0,46.31704329820292,90.04,91,0,1.0106619280319857,0,0,1.0512954930002376,1.0462944507598877,1.09583420753479,1.1328532695770264,1.0504848180815232,0.000810672785335964,20.010575240565448,19.786877927695603,False,,
ticvla,dynanav_full85_noped_20260828,dynanav_031,office,trajectory_normalized,rgb_only,rgb_only,120.0,"[""rgb"",""motion_state"",""inference_latency"",""instruction""]","{""sensors"":[""rgb"",""odom""],""derived_inputs"":[],""model_internal_3d_perception"":false,""external_local_avoidance"":false,""uses_shared_path_follower"":true,""uses_shared_velocity_filter"":true}",[],False,False,True,True,Turn right and follow the blue carpet to the end of the hallway. Enter the room with the reception desk.,666,0,False,40.35752873,0.0,5.4869965485480625,65.06,175,0,2.689824777128804,8,8,1.0482551223353336,1.048576831817627,1.082265269756317,1.0979856252670288,1.0474253704673366,0.0008297562096758109,20.014035539972692,19.564289193635418,False,,
ticvla,dynanav_full85_noped_20260828,dynanav_032,office,trajectory_normalized,rgb_only,rgb_only,120.0,"[""rgb"",""motion_state"",""inference_latency"",""instruction""]","{""sensors"":[""rgb"",""odom""],""derived_inputs"":[],""model_internal_3d_perception"":false,""external_local_avoidance"":false,""uses_shared_path_follower"":true,""uses_shared_velocity_filter"":true}",[],False,False,True,True,Turn right and follow the blue carpet to the end of the hallway. Enter the room with the reception desk.,666,10,False,14.224398772,0.0,40.314745643194804,75.199999999,278,0,3.6968085106874575,3,3,1.0388187692278907,1.0374869108200073,1.0735147953033448,1.0848335027694702,1.0379665187426976,0.000852246616878325,20.01435544641514,19.735162423863535,False,,
ticvla,dynanav_full85_noped_20260828,dynanav_033,office,trajectory_normalized,rgb_only,rgb_only,120.0,"[""rgb"",""motion_state"",""inference_latency"",""instruction""]","{""sensors"":[""rgb"",""odom""],""derived_inputs"":[],""model_internal_3d_perception"":false,""external_local_avoidance"":false,""uses_shared_path_follower"":true,""uses_shared_velocity_filter"":true}",[],False,False,True,True,Turn right and follow the blue carpet to the end of the hallway. Enter the room with the reception desk.,666,20,False,2.555316027,0.0,51.145362632985425,85.08,162,0,1.904090267983075,0,0,1.032899603863393,1.0337556600570679,1.0618783235549927,1.08794367313385,1.0320827089065363,0.0008168971379603113,20.01288661461528,19.716854928907996,False,,
ticvla,dynanav_full85_noped_20260828,dynanav_034,office,trajectory_normalized,rgb_only,rgb_only,120.0,"[""rgb"",""motion_state"",""inference_latency"",""instruction""]","{""sensors"":[""rgb"",""odom""],""derived_inputs"":[],""model_internal_3d_perception"":false,""external_local_avoidance"":false,""uses_shared_path_follower"":true,""uses_shared_velocity_filter"":true}",[],False,False,True,True,Turn right and follow the blue carpet to the end of the hallway. Enter the room with the reception desk.,666,30,False,12.401346839,0.0,55.75693959245316,95.08000000000001,67,0,0.704669751787968,0,0,1.0356866901082205,1.0342594385147095,1.0728502035140992,1.1107192039489746,1.0348597549854364,0.0008269373084159385,20.010236340568802,19.70603675954465,False,,
ticvla,dynanav_full85_noped_20260828,dynanav_035,office,trajectory_normalized,rgb_only,rgb_only,120.0,"[""rgb"",""motion_state"",""inference_latency"",""instruction""]","{""sensors"":[""rgb"",""odom""],""derived_inputs"":[],""model_internal_3d_perception"":false,""external_local_avoidance"":false,""uses_shared_path_follower"":true,""uses_shared_velocity_filter"":true}",[],False,False,True,True,Turn right and follow the blue carpet to the end of the hallway. Enter the room with the reception desk.,666,40,False,40.447554364,0.0,18.62639503640868,105.01999999899999,260,0,2.4757189107072533,8,8,1.0526316037365036,1.0529723167419434,1.0932819128036497,1.1351343393325806,1.051770666066338,0.0008609351729426314,20.011230771439692,18.989786620312135,False,,
ticvla,dynanav_full85_noped_20260828,dynanav_036,office,trajectory_normalized,rgb_only,rgb_only,120.0,"[""rgb"",""motion_state"",""inference_latency"",""instruction""]","{""sensors"":[""rgb"",""odom""],""derived_inputs"":[],""model_internal_3d_perception"":false,""external_local_avoidance"":false,""uses_shared_path_follower"":true,""uses_shared_velocity_filter"":true}",[],False,False,True,True,"Go straight ahead through the hallway, then turn left at the end to approach the red emergency exit door.",666,0,False,4.54121488,0.0,21.091333914654268,80.04,147,0,1.836581709145427,0,0,1.0418686077260135,1.0450206398963928,1.0752351224422454,1.0966590642929077,1.0410307844479878,0.000837826714319945,20.011987723403788,19.41884030458242,False,,
ticvla,dynanav_full85_noped_20260828,dynanav_037,office,trajectory_normalized,rgb_only,rgb_only,120.0,"[""rgb"",""motion_state"",""inference_latency"",""instruction""]","{""sensors"":[""rgb"",""odom""],""derived_inputs"":[],""model_internal_3d_perception"":false,""external_local_avoidance"":false,""uses_shared_path_follower"":true,""uses_shared_velocity_filter"":true}",[],False,False,True,True,"Go straight ahead through the hallway, then turn left at the end to approach the red emergency exit door.",666,10,False,5.40719714,0.0,16.225403428423785,90.099999999,32,0,0.3551609323013891,6,6,1.0466796974651515,1.0490877032279968,1.0759253025054933,1.091315746307373,1.0458167628385127,0.0008629342246422311,20.013731909860326,19.427830194178796,False,,
ticvla,dynanav_full85_noped_20260828,dynanav_038,office,trajectory_normalized,rgb_only,rgb_only,120.0,"[""rgb"",""motion_state"",""inference_latency"",""instruction""]","{""sensors"":[""rgb"",""odom""],""derived_inputs"":[],""model_internal_3d_perception"":false,""external_local_avoidance"":false,""uses_shared_path_follower"":true,""uses_shared_velocity_filter"":true}",[],False,False,True,True,"Go straight ahead through the hallway, then turn left at the end to approach the red emergency exit door.",666,20,True,1.490022259,1.0,13.322610181746532,23.699999999,5,0,0.21097046414392281,0,0,1.037479417398572,1.0349369645118713,1.0706671178340912,1.0912339687347412,1.036645507439971,0.0008338914121850394,20.053365779646487,19.64198707884915,False,,
ticvla,dynanav_full85_noped_20260828,dynanav_039,office,trajectory_normalized,rgb_only,rgb_only,120.0,"[""rgb"",""motion_state"",""inference_latency"",""instruction""]","{""sensors"":[""rgb"",""odom""],""derived_inputs"":[],""model_internal_3d_perception"":false,""external_local_avoidance"":false,""uses_shared_path_follower"":true,""uses_shared_velocity_filter"":true}",[],False,False,True,True,"Go straight ahead through the hallway, then turn left at the end to approach the red emergency exit door.",666,30,True,1.487603673,0.926963958754243,14.804905010454785,34.779999999000005,22,0,0.6325474410762664,0,0,1.041178754397801,1.0383025407791138,1.0834839582443236,1.0907212495803833,1.040353355359058,0.0008254085182763484,20.033997697047447,19.79158512348624,False,,
ticvla,dynanav_full85_noped_20260828,dynanav_040,office,trajectory_normalized,rgb_only,rgb_only,120.0,"[""rgb"",""motion_state"",""inference_latency"",""instruction""]","{""sensors"":[""rgb"",""odom""],""derived_inputs"":[],""model_internal_3d_perception"":false,""external_local_avoidance"":false,""uses_shared_path_follower"":true,""uses_shared_velocity_filter"":true}",[],False,False,True,True,"Go straight ahead through the hallway, then turn left at the end to approach the red emergency exit door.",666,40,True,1.491726185,0.916390690105708,14.978943714036436,31.32,38,0,1.2132822477650065,0,0,1.0291555049744519,1.0369102358818054,1.0697804987430573,1.0929049253463745,1.028278417207978,0.0008770831760061396,20.04570124044171,19.73474960225791,False,,
ticvla,dynanav_full85_noped_20260828,dynanav_041,office,trajectory_normalized,rgb_only,rgb_only,120.0,"[""rgb"",""motion_state"",""inference_latency"",""instruction""]","{""sensors"":[""rgb"",""odom""],""derived_inputs"":[],""model_internal_3d_perception"":false,""external_local_avoidance"":false,""uses_shared_path_follower"":true,""uses_shared_velocity_filter"":true}",[],False,False,True,True,"Go straight down the hallway, turn left at the end, then continue forward to enter the office room. Move inside and stop in front of the desk on the right.",666,0,False,4.754007196,0.0,12.127975374480943,95.2,9,0,0.09453781512605042,19,19,1.0434428712024408,1.0434622168540955,1.084360659122467,1.1198757886886597,1.0425982589230818,0.0008446132192415569,20.01046075649264,19.68508314021505,False,,
ticvla,dynanav_full85_noped_20260828,dynanav_042,office,trajectory_normalized,rgb_only,rgb_only,120.0,"[""rgb"",""motion_state"",""inference_latency"",""instruction""]","{""sensors"":[""rgb"",""odom""],""derived_inputs"":[],""model_internal_3d_perception"":false,""external_local_avoidance"":false,""uses_shared_path_follower"":true,""uses_shared_velocity_filter"":true}",[],False,False,True,True,"Go straight down the hallway, turn left at the end, then continue forward to enter the office room. Move inside and stop in front of the desk on the right.",666,10,False,4.598369732,0.0,12.372459702807738,105.06,4,0,0.03807348181991243,6,5,1.0391277256390907,1.0410501956939697,1.0723916888237,1.1077144145965576,1.0382626680348883,0.0008650641057282587,20.00912080293586,19.497618121964226,False,,
ticvla,dynanav_full85_noped_20260828,dynanav_043,office,trajectory_normalized,rgb_only,rgb_only,120.0,"[""rgb"",""motion_state"",""inference_latency"",""instruction""]","{""sensors"":[""rgb"",""odom""],""derived_inputs"":[],""model_internal_3d_perception"":false,""external_local_avoidance"":false,""uses_shared_path_follower"":true,""uses_shared_velocity_filter"":true}",[],False,False,True,True,"Go straight down the hallway, turn left at the end, then continue forward to enter the office room. Move inside and stop in front of the desk on the right.",666,20,False,4.479766652,0.0,12.600011792506285,115.119999999,4,0,0.03474635163338036,18,17,1.0428543885548909,1.0429853796958923,1.0814034461975097,1.1090569496154785,1.042036614668222,0.000817770817472289,20.00878948157417,19.18862879364537,False,,
ticvla,dynanav_full85_noped_20260828,dynanav_044,office,trajectory_normalized,rgb_only,rgb_only,120.0,"[""rgb"",""motion_state"",""inference_latency"",""instruction""]","{""sensors"":[""rgb"",""odom""],""derived_inputs"":[],""model_internal_3d_perception"":false,""external_local_avoidance"":false,""uses_shared_path_follower"":true,""uses_shared_velocity_filter"":true}",[],False,False,True,True,"Go straight down the hallway, turn left at the end, then continue forward to enter the office room. Move inside and stop in front of the desk on the right.",666,30,False,4.723897007,0.0,12.3221076558452,125.059999999,7,0,0.05597313289665739,18,17,1.0415577052691796,1.0423858165740967,1.0721006393432617,1.0997627973556519,1.0407235862156532,0.0008341124601266737,20.00813727234083,19.17006427101987,False,,
ticvla,dynanav_full85_noped_20260828,dynanav_045,office,trajectory_normalized,rgb_only,rgb_only,120.0,"[""rgb"",""motion_state"",""inference_latency"",""instruction""]","{""sensors"":[""rgb"",""odom""],""derived_inputs"":[],""model_internal_3d_perception"":false,""external_local_avoidance"":false,""uses_shared_path_follower"":true,""uses_shared_velocity_filter"":true}",[],False,False,True,True,"Go straight down the hallway, turn left at the end, then continue forward to enter the office room. Move inside and stop in front of the desk on the right.",666,40,False,4.424707358,0.0,12.71500741723334,135.039999999,7,0,0.05183649289137912,19,18,1.0380575950281608,1.036302924156189,1.085911250114441,1.113789677619934,1.0372313585306079,0.0008262352990179559,20.01041045454488,19.32030360187744,False,,
ticvla,dynanav_full85_noped_20260828,dynanav_046,office,trajectory_normalized,rgb_only,rgb_only,120.0,"[""rgb"",""motion_state"",""inference_latency"",""instruction""]","{""sensors"":[""rgb"",""odom""],""derived_inputs"":[],""model_internal_3d_perception"":false,""external_local_avoidance"":false,""uses_shared_path_follower"":true,""uses_shared_velocity_filter"":true}",[],False,False,True,True,"Go straight ahead, passing through the hallway behind the black glass doors, and then enter the office desk area and stop at the white desk with the plant on it, located on the right side of the wall at the end.",666,0,True,1.496206846,1.0,35.55973975323678,40.999999999,15,0,0.3658536585455086,0,0,1.0562204821356411,1.0580053925514221,1.0835245668888092,1.0900824069976807,1.0553775532492276,0.0008429239367552359,20.040898683064352,19.667949528937115,False,,
ticvla,dynanav_full85_noped_20260828,dynanav_047,office,trajectory_normalized,rgb_only,rgb_only,120.0,"[""rgb"",""motion_state"",""inference_latency"",""instruction""]","{""sensors"":[""rgb"",""odom""],""derived_inputs"":[],""model_internal_3d_perception"":false,""external_local_avoidance"":false,""uses_shared_path_follower"":true,""uses_shared_velocity_filter"":true}",[],False,False,True,True,"Go straight ahead, passing through the hallway behind the black glass doors, and then enter the office desk area and stop at the white desk with the plant on it, located on the right side of the wall at the end.",666,10,True,1.492605857,1.0,35.551963613110836,44.639999999000004,0,0,0.0,0,0,1.0490906929212904,1.052703857421875,1.0869219303131104,1.1181488037109375,1.048252228706602,0.0008384586359921193,20.029071249534507,19.649890032407583,False,,
ticvla,dynanav_full85_noped_20260828,dynanav_048,office,trajectory_normalized,rgb_only,rgb_only,120.0,"[""rgb"",""motion_state"",""inference_latency"",""instruction""]","{""sensors"":[""rgb"",""odom""],""derived_inputs"":[],""model_internal_3d_perception"":false,""external_local_avoidance"":false,""uses_shared_path_follower"":true,""uses_shared_velocity_filter"":true}",[],False,False,True,True,"Go straight ahead, passing through the hallway behind the black glass doors, and then enter the office desk area and stop at the white desk with the plant on it, located on the right side of the wall at the end.",666,20,True,1.496779814,1.0,35.43417643104656,42.24,0,0,0.0,0,0,1.0566738466421763,1.0542312264442444,1.0871841609477997,1.1134979724884033,1.0558477203051249,0.0008261200603252898,20.040046036847368,19.25673436723206,False,,
ticvla,dynanav_full85_noped_20260828,dynanav_049,office,trajectory_normalized,rgb_only,rgb_only,120.0,"[""rgb"",""motion_state"",""inference_latency"",""instruction""]","{""sensors"":[""rgb"",""odom""],""derived_inputs"":[],""model_internal_3d_perception"":false,""external_local_avoidance"":false,""uses_shared_path_follower"":true,""uses_shared_velocity_filter"":true}",[],False,False,True,True,"Go straight ahead, passing through the hallway behind the black glass doors, and then enter the office desk area and stop at the white desk with the plant on it, located on the right side of the wall at the end.",666,30,True,1.48486403,1.0,35.35340317104858,42.399999999,0,0,0.0,0,0,1.054214733839035,1.050784707069397,1.0920669496059416,1.1282511949539185,1.0533387144406636,0.0008760157409900179,20.02475159726687,19.570355549271934,False,,
ticvla,dynanav_full85_noped_20260828,dynanav_050,office,trajectory_normalized,rgb_only,rgb_only,120.0,"[""rgb"",""motion_state"",""inference_latency"",""instruction""]","{""sensors"":[""rgb"",""odom""],""derived_inputs"":[],""model_internal_3d_perception"":false,""external_local_avoidance"":false,""uses_shared_path_follower"":true,""uses_shared_velocity_filter"":true}",[],False,False,True,True,"Go straight ahead, passing through the hallway behind the black glass doors, and then enter the office desk area and stop at the white desk with the plant on it, located on the right side of the wall at the end.",666,40,True,1.495788472,1.0,35.598660619634856,41.72,12,0,0.28763183125599234,0,0,1.0528448849916459,1.0520607829093933,1.085105401277542,1.0990794897079468,1.0520147462685903,0.0008301452151499688,20.027894649743484,19.36412100379237,False,,
ticvla,dynanav_full85_noped_20260828,simple_forward_3m_standard,hospital,trajectory_normalized,rgb_only,debug,120.0,"[""rgb"",""instruction""]","{""sensors"":[""rgb""],""derived_inputs"":[],""model_internal_3d_perception"":false,""external_local_avoidance"":false,""uses_shared_path_follower"":true,""uses_shared_velocity_filter"":true}",[],False,False,True,True,"Move straight forward for 3 meters, then stop.",1,0,False,2.192881926,0.0,3.0953536360678493,27.4,136,0,4.963503649635037,3,2,1.1954977673999334,1.1941394805908203,1.2511943221092223,1.2786591053009033,1.1944295450792475,0.0010682201699622103,40.06198593605391,22.294052217952352,False,,
ticvla,dynanav_full85_noped_20260828,dynanav_051,outdoor,trajectory_normalized,rgb_only,debug,120.0,"[""rgb"",""instruction""]","{""sensors"":[""rgb""],""derived_inputs"":[],""model_internal_3d_perception"":false,""external_local_avoidance"":false,""uses_shared_path_follower"":true,""uses_shared_velocity_filter"":true}",[],False,False,True,True,Go straight until reach the black and white striped umbrellas.,666,0,False,45.73479348,0.0,6.11180336509681,8.719999998999999,70,0,8.027522936700406,0,0,1.1671353560085445,1.094937801361084,1.4880165338516236,2.7160887718200684,1.1661451897879904,0.0009901674650248517,22.232839734767314,16.812605121785225,False,200,0
ticvla,dynanav_full85_noped_20260828,dynanav_061,warehouse,trajectory_normalized,rgb_only,rgb_only,120.0,"[""rgb"",""motion_state"",""inference_latency"",""instruction""]","{""sensors"":[""rgb"",""odom""],""derived_inputs"":[],""model_internal_3d_perception"":false,""external_local_avoidance"":false,""uses_shared_path_follower"":true,""uses_shared_velocity_filter"":true}",[],False,False,True,True,Proceed to the traffic cones at the entrance of Aisle 05 (the second aisle from the right).,666,0,False,18.161538426,0.0,39.59814814441116,44.819999999000004,6,0,0.13386880857059055,0,0,1.2028044863887455,1.196766436100006,1.253119742870331,1.662946105003357,1.2018520469250886,0.0009524276626863233,20.018625590029473,18.589272023026496,False,0,0
ticvla,dynanav_full85_noped_20260828,dynanav_062,warehouse,trajectory_normalized,rgb_only,rgb_only,120.0,"[""rgb"",""motion_state"",""inference_latency"",""instruction""]","{""sensors"":[""rgb"",""odom""],""derived_inputs"":[],""model_internal_3d_perception"":false,""external_local_avoidance"":false,""uses_shared_path_follower"":true,""uses_shared_velocity_filter"":true}",[],False,False,True,True,Proceed to the yellow forklift at the entrance of Aisle 06 (the first aisle from the right).,666,0,False,14.117927726,0.0,45.351652776613975,50.480000000000004,4,0,0.07923930269413629,0,0,1.205373669570347,1.2012420296669006,1.2573533058166504,1.3799502849578857,1.204401141067721,0.0009725309989661119,20.013894870259048,19.10165744675936,False,10,0
ticvla,dynanav_full85_noped_20260828,dynanav_063,warehouse,trajectory_normalized,rgb_only,rgb_only,120.0,"[""rgb"",""motion_state"",""inference_latency"",""instruction""]","{""sensors"":[""rgb"",""odom""],""derived_inputs"":[],""model_internal_3d_perception"":false,""external_local_avoidance"":false,""uses_shared_path_follower"":true,""uses_shared_velocity_filter"":true}",[],False,False,True,True,Proceed to the yellow forklift at the entrance of Aisle 06 (the first aisle from the right).,666,0,False,17.080230985,0.0,33.95201456199669,55.379999999,205,0,3.7016973637360366,1,1,1.2063714185682666,1.2016476392745972,1.2566547513008117,1.2910655736923218,1.2053728063567346,0.000998611402494379,20.014751826785993,18.933707357500296,False,20,0
ticvla,dynanav_full85_noped_20260828,dynanav_064,warehouse,trajectory_normalized,rgb_only,rgb_only,120.0,"[""rgb"",""motion_state"",""inference_latency"",""instruction""]","{""sensors"":[""rgb"",""odom""],""derived_inputs"":[],""model_internal_3d_perception"":false,""external_local_avoidance"":false,""uses_shared_path_follower"":true,""uses_shared_velocity_filter"":true}",[],False,False,True,True,Proceed to the yellow forklift at the entrance of Aisle 06 (the first aisle from the right).,666,0,False,17.749532826,0.0,34.279911852763526,61.78,64,0,1.0359339592101002,2,1,1.2072062257564429,1.2076002955436707,1.2471283495426178,1.2581169605255127,1.2062247684507659,0.0009814538105715517,20.011594277296027,18.647532517240617,False,30,0
ticvla,dynanav_full85_noped_20260828,dynanav_065,warehouse,trajectory_normalized,rgb_only,rgb_only,120.0,"[""rgb"",""motion_state"",""inference_latency"",""instruction""]","{""sensors"":[""rgb"",""odom""],""derived_inputs"":[],""model_internal_3d_perception"":false,""external_local_avoidance"":false,""uses_shared_path_follower"":true,""uses_shared_velocity_filter"":true}",[],False,False,True,True,Proceed to the yellow forklift at the entrance of Aisle 06 (the first aisle from the right).,666,0,False,1.617790183,0.0,60.023240935531824,69.69999999900001,26,0,0.3730272596897134,0,0,1.2037881327002016,1.2052749395370483,1.2499264180660248,1.279752254486084,1.2027954083599457,0.0009927247277754423,20.01338797305787,19.007049675470743,False,40,0
ticvla,dynanav_full85_noped_20260828,dynanav_066,warehouse,trajectory_normalized,rgb_only,rgb_only,120.0,"[""rgb"",""motion_state"",""inference_latency"",""instruction""]","{""sensors"":[""rgb"",""odom""],""derived_inputs"":[],""model_internal_3d_perception"":false,""external_local_avoidance"":false,""uses_shared_path_follower"":true,""uses_shared_velocity_filter"":true}",[],False,False,True,True,"Go straight to leave the current aisle, then turn right to approach the fire extinguisher cabinet on the wall.",666,0,False,18.828783651,0.0,62.721485316215784,77.000000001,276,0,3.5844155843690335,0,0,1.1638100038166919,1.1648162603378296,1.2153055191040039,1.2402667999267578,1.162846040881537,0.0009639573943941227,20.013198059433662,19.08257320893353,False,0,0
ticvla,dynanav_full85_noped_20260828,dynanav_067,warehouse,trajectory_normalized,rgb_only,rgb_only,120.0,"[""rgb"",""motion_state"",""inference_latency"",""instruction""]","{""sensors"":[""rgb"",""odom""],""derived_inputs"":[],""model_internal_3d_perception"":false,""external_local_avoidance"":false,""uses_shared_path_follower"":true,""uses_shared_velocity_filter"":true}",[],False,False,True,True,Go straight to leave the current aisle.  Turn right to approach the fire extinguisher cabinet on the wall.,666,0,False,2.06455663,0.0,75.7786035142603,84.199999999,38,0,0.45130641330702265,0,0,1.1628906123609428,1.1594594717025757,1.2079219222068787,1.2615708112716675,1.1619318687772175,0.0009587444750737982,20.0094301595892,18.25975112092821,False,10,0
ticvla,dynanav_full85_noped_20260828,dynanav_068,warehouse,trajectory_normalized,rgb_only,rgb_only,120.0,"[""rgb"",""motion_state"",""inference_latency"",""instruction""]","{""sensors"":[""rgb"",""odom""],""derived_inputs"":[],""model_internal_3d_perception"":false,""external_local_avoidance"":false,""uses_shared_path_follower"":true,""uses_shared_velocity_filter"":true}",[],False,False,True,True,"Go straight to leave the current aisle, then turn right to approach the fire extinguisher cabinet on the wall.",666,0,False,7.221890233,0.0,75.15295230060467,85.78,112,0,1.305665656330147,0,0,1.1849695657218635,1.1807588338851929,1.23668475151062,1.2915854454040527,1.183974361286483,0.0009952053270307916,20.009098357515697,18.246394517913778,False,20,0
ticvla,dynanav_full85_noped_20260828,dynanav_069,warehouse,trajectory_normalized,rgb_only,rgb_only,120.0,"[""rgb"",""motion_state"",""inference_latency"",""instruction""]","{""sensors"":[""rgb"",""odom""],""derived_inputs"":[],""model_internal_3d_perception"":false,""external_local_avoidance"":false,""uses_shared_path_follower"":true,""uses_shared_velocity_filter"":true}",[],False,False,True,True,"Go straight to leave the current aisle, then turn right to approach the fire extinguisher cabinet on the wall.",666,0,False,16.781235323,0.0,6.157028719303608,88.64,69,0,0.7784296028880866,5,4,1.192927938575546,1.1897665858268738,1.253408855199814,1.296525239944458,1.1918840526292722,0.0010438806384627242,20.007831867775877,18.636929289324648,False,30,0
ticvla,dynanav_full85_noped_20260828,dynanav_070,warehouse,trajectory_normalized,rgb_only,rgb_only,120.0,"[""rgb"",""motion_state"",""inference_latency"",""instruction""]","{""sensors"":[""rgb"",""odom""],""derived_inputs"":[],""model_internal_3d_perception"":false,""external_local_avoidance"":false,""uses_shared_path_follower"":true,""uses_shared_velocity_filter"":true}",[],False,False,True,True,"Go straight to leave the current aisle, then turn right to approach the fire extinguisher cabinet on the wall.",666,0,False,21.721776561,0.0,25.925197556319308,95.97999999999999,926,0,9.647843300687644,1,1,1.1891136227302181,1.1854623556137085,1.2447044551372528,1.3270601034164429,1.1881134099173314,0.0010002154429687314,20.006934862072388,18.79210691459264,False,40,0
ticvla,dynanav_full85_noped_20260828,dynanav_071,warehouse,trajectory_normalized,rgb_only,rgb_only,120.0,"[""rgb"",""motion_state"",""inference_latency"",""instruction""]","{""sensors"":[""rgb"",""odom""],""derived_inputs"":[],""model_internal_3d_perception"":false,""external_local_avoidance"":false,""uses_shared_path_follower"":true,""uses_shared_velocity_filter"":true}",[],False,False,True,True,"Enter Aisle 01, the leftmost aisle, and continue to the end.",666,0,True,1.491587699,0.886747481511001,37.039422314629,42.679999999,203,0,4.756326148190166,0,0,1.211219342806006,1.207249402999878,1.2668664932250975,1.314902424812317,1.210219293512324,0.001000046169245115,20.02569706401399,19.39743724211162,False,0,0
ticvla,dynanav_full85_noped_20260828,dynanav_072,warehouse,trajectory_normalized,rgb_only,rgb_only,120.0,"[""rgb"",""motion_state"",""inference_latency"",""instruction""]","{""sensors"":[""rgb"",""odom""],""derived_inputs"":[],""model_internal_3d_perception"":false,""external_local_avoidance"":false,""uses_shared_path_follower"":true,""uses_shared_velocity_filter"":true}",[],False,False,True,True,"Enter Aisle 01, the leftmost aisle, and continue to the end.",666,0,False,16.167432154,0.0,51.278998278076934,60.76,142,0,2.337063857801185,0,0,1.1886540263418168,1.1899664998054504,1.2435184717178345,1.2624330520629883,1.1876938040294345,0.0009602276989007516,20.012060727235447,17.803584288820357,False,10,0
ticvla,dynanav_full85_noped_20260828,dynanav_073,warehouse,trajectory_normalized,rgb_only,rgb_only,120.0,"[""rgb"",""motion_state"",""inference_latency"",""instruction""]","{""sensors"":[""rgb"",""odom""],""derived_inputs"":[],""model_internal_3d_perception"":false,""external_local_avoidance"":false,""uses_shared_path_follower"":true,""uses_shared_velocity_filter"":true}",[],False,False,True,True,"Enter Aisle 01, the leftmost aisle, and continue to the end.",666,0,False,18.185010959,0.0,50.05663515478787,67.059999999,433,0,6.456904264933745,0,0,1.1886799395513192,1.1813851594924927,1.2491238713264465,1.2836155891418457,1.1877069541876264,0.0009729845077469409,20.012258400232515,18.917043163654363,False,20,0
