model_name,experiment,episode_id,scene,evaluation_mode,sensor_profile,comparison_track,camera_horizontal_fov_degrees,model_inputs,model_runtime,derived_inputs,model_internal_3d_perception,external_local_avoidance,uses_shared_path_follower,uses_shared_velocity_filter,instruction,seed,pedestrian_count,official_pedestrian_count,effective_pedestrian_count,success,navigation_error,spl,path_length,duration,physical_collision_count,pedestrian_collision_count,collision_rate,stuck_count,recovery_count,mean_inference_latency,p50_inference_latency,p95_inference_latency,max_inference_latency,mean_vlm_latency,mean_action_expert_latency,mean_control_frequency,minimum_control_frequency,direct_velocity
ticvla,dynanav_full85_noped_fixed,dynanav_001,hospital,trajectory_normalized,rgb_only,rgb_only,120.0,"[""rgb"",""motion_state"",""inference_latency"",""instruction""]","{""sensors"":[""rgb"",""odom""],""derived_inputs"":[],""model_internal_3d_perception"":false,""external_local_avoidance"":false,""uses_shared_path_follower"":true,""uses_shared_velocity_filter"":true}",[],False,False,True,True,Go straight ahead and stop at the vending machine at front.,666,0,0,0,False,9.844523153,0.0,23.872466987411503,28.079999998999998,2,0,0.07122507122760774,0,0,1.1529075709673076,1.1446504592895508,1.203783392906189,1.3048975467681885,1.1518874924916487,0.0010200676915701479,20.03568844658903,19.655418108626996,False
ticvla,dynanav_full85_noped_fixed,dynanav_002,hospital,trajectory_normalized,rgb_only,rgb_only,120.0,"[""rgb"",""motion_state"",""inference_latency"",""instruction""]","{""sensors"":[""rgb"",""odom""],""derived_inputs"":[],""model_internal_3d_perception"":false,""external_local_avoidance"":false,""uses_shared_path_follower"":true,""uses_shared_velocity_filter"":true}",[],False,False,True,True,Go straight ahead and stop at the front of the vending machine at front left.,666,0,10,0,True,1.499194654,1.0,12.44868388067664,15.62,6,0,0.38412291933418696,0,0,1.136853073324476,1.1411517262458801,1.1760854482650758,1.194897174835205,1.1358475599970137,0.001005520424639274,20.093088523167815,19.366464054935488,False
ticvla,dynanav_full85_noped_fixed,dynanav_003,hospital,trajectory_normalized,rgb_only,rgb_only,120.0,"[""rgb"",""motion_state"",""inference_latency"",""instruction""]","{""sensors"":[""rgb"",""odom""],""derived_inputs"":[],""model_internal_3d_perception"":false,""external_local_avoidance"":false,""uses_shared_path_follower"":true,""uses_shared_velocity_filter"":true}",[],False,False,True,True,Go straight ahead and stop at the front of the vending machine at front left.,666,0,20,0,False,11.565326432,0.0,33.772230431634355,42.0,56,0,1.3333333333333333,0,0,1.1423664123197146,1.1404502391815186,1.1821316480636597,1.208823323249817,1.1414152474343022,0.0009511635208478834,20.02442044445328,19.04214651661811,False
ticvla,dynanav_full85_noped_fixed,dynanav_004,hospital,trajectory_normalized,rgb_only,rgb_only,120.0,"[""rgb"",""motion_state"",""inference_latency"",""instruction""]","{""sensors"":[""rgb"",""odom""],""derived_inputs"":[],""model_internal_3d_perception"":false,""external_local_avoidance"":false,""uses_shared_path_follower"":true,""uses_shared_velocity_filter"":true}",[],False,False,True,True,Go straight ahead and stop at the front of the vending machine at front left.,666,0,30,0,False,27.153097434,0.0,44.38186051347325,49.139999999000004,2,0,0.040700040700868946,0,0,1.1431831262444938,1.1419310569763184,1.1831268787384033,1.18887197971344,1.1422024426921722,0.0009806801462345707,20.01821940819156,18.48443017262463,False
ticvla,dynanav_full85_noped_fixed,dynanav_005,hospital,trajectory_normalized,rgb_only,rgb_only,120.0,"[""rgb"",""motion_state"",""inference_latency"",""instruction""]","{""sensors"":[""rgb"",""odom""],""derived_inputs"":[],""model_internal_3d_perception"":false,""external_local_avoidance"":false,""uses_shared_path_follower"":true,""uses_shared_velocity_filter"":true}",[],False,False,True,True,Go straight ahead and stop at the front of the vending machine at front left.,666,0,40,0,False,13.103797647,0.0,27.62083044175934,52.02,26,0,0.4998077662437524,7,7,1.163205623626709,1.1631362438201904,1.21733757853508,1.2502821683883667,1.1622000539077904,0.0010055742964570253,20.016034074386567,18.550416270083712,False
ticvla,dynanav_full85_noped_fixed,dynanav_006,hospital,trajectory_normalized,rgb_only,rgb_only,120.0,"[""rgb"",""motion_state"",""inference_latency"",""instruction""]","{""sensors"":[""rgb"",""odom""],""derived_inputs"":[],""model_internal_3d_perception"":false,""external_local_avoidance"":false,""uses_shared_path_follower"":true,""uses_shared_velocity_filter"":true}",[],False,False,True,True,Walk straight down the hallway and stop at the red bed located to the right of the doors.,666,0,0,0,False,6.848366562,0.0,26.90205776593997,38.139999999000004,4,0,0.10487676979824007,0,0,1.1530399306179726,1.1532725095748901,1.1855143070220948,1.1934654712677002,1.1520911504144538,0.0009487876732361643,20.025861282821726,18.995666082563545,False
ticvla,dynanav_full85_noped_fixed,dynanav_007,hospital,trajectory_normalized,rgb_only,rgb_only,120.0,"[""rgb"",""motion_state"",""inference_latency"",""instruction""]","{""sensors"":[""rgb"",""odom""],""derived_inputs"":[],""model_internal_3d_perception"":false,""external_local_avoidance"":false,""uses_shared_path_follower"":true,""uses_shared_velocity_filter"":true}",[],False,False,True,True,Walk straight down the hallway and stop at the red bed located to the right of the doors.,666,0,10,0,False,1.756303185,0.0,35.397173502005785,45.199999999,16,0,0.3539823008927872,0,0,1.151069532993228,1.1518972516059875,1.201304316520691,1.2373899221420288,1.1501080144283384,0.0009615097010811401,20.02250514938928,19.57524728915684,False
ticvla,dynanav_full85_noped_fixed,dynanav_008,hospital,trajectory_normalized,rgb_only,rgb_only,120.0,"[""rgb"",""motion_state"",""inference_latency"",""instruction""]","{""sensors"":[""rgb"",""odom""],""derived_inputs"":[],""model_internal_3d_perception"":false,""external_local_avoidance"":false,""uses_shared_path_follower"":true,""uses_shared_velocity_filter"":true}",[],False,False,True,True,Walk straight down the hallway and stop at the red bed located to the right of the doors.,666,0,20,0,True,1.49602937,1.0,32.25047706281318,37.16,2,0,0.053821313240043064,0,0,1.1542385731424605,1.1530104279518127,1.2011308848857878,1.2188671827316284,1.153296046597617,0.000942520664206573,20.0188081829645,19.001493199140153,False
ticvla,dynanav_full85_noped_fixed,dynanav_009,hospital,trajectory_normalized,rgb_only,rgb_only,120.0,"[""rgb"",""motion_state"",""inference_latency"",""instruction""]","{""sensors"":[""rgb"",""odom""],""derived_inputs"":[],""model_internal_3d_perception"":false,""external_local_avoidance"":false,""uses_shared_path_follower"":true,""uses_shared_velocity_filter"":true}",[],False,False,True,True,Walk straight down the hallway and stop at the red bed located to the right of the doors.,666,0,30,0,True,1.492233669,1.0,31.779683586509194,35.259999999,46,0,1.3045944413302493,0,0,1.1527702422703014,1.150658130645752,1.2013740062713623,1.2123619318008423,1.1517825337017285,0.0009877195390050903,20.024695316100644,19.68181821535397,False
ticvla,dynanav_full85_noped_fixed,dynanav_010,hospital,trajectory_normalized,rgb_only,rgb_only,120.0,"[""rgb"",""motion_state"",""inference_latency"",""instruction""]","{""sensors"":[""rgb"",""odom""],""derived_inputs"":[],""model_internal_3d_perception"":false,""external_local_avoidance"":false,""uses_shared_path_follower"":true,""uses_shared_velocity_filter"":true}",[],False,False,True,True,Walk straight down the hallway and stop at the red bed located to the right of the doors.,666,0,40,0,True,1.498790788,0.9673478400696237,33.62480545342113,38.419999999000005,76,0,1.978136387349769,0,0,1.1525416648065723,1.1498082280158997,1.195441907644272,1.210478663444519,1.1515616742340293,0.0009799945778591005,20.030059860373356,18.862731960118918,False
ticvla,dynanav_full85_noped_fixed,dynanav_011,hospital,trajectory_normalized,rgb_only,rgb_only,120.0,"[""rgb"",""motion_state"",""inference_latency"",""instruction""]","{""sensors"":[""rgb"",""odom""],""derived_inputs"":[],""model_internal_3d_perception"":false,""external_local_avoidance"":false,""uses_shared_path_follower"":true,""uses_shared_velocity_filter"":true}",[],False,False,True,True,Go straight past the wheelchairs and stop at the water dispenser by the window.,666,0,0,0,True,1.495857365,1.0,13.632683664905315,16.02,2,0,0.12484394506866417,0,0,1.183112778971272,1.1764096021652222,1.247115135192871,1.2641010284423828,1.1822029506006548,0.0009098240632503744,20.072370528029843,19.623734150995453,False
ticvla,dynanav_full85_noped_fixed,dynanav_012,hospital,trajectory_normalized,rgb_only,rgb_only,120.0,"[""rgb"",""motion_state"",""inference_latency"",""instruction""]","{""sensors"":[""rgb"",""odom""],""derived_inputs"":[],""model_internal_3d_perception"":false,""external_local_avoidance"":false,""uses_shared_path_follower"":true,""uses_shared_velocity_filter"":true}",[],False,False,True,True,Go straight past the wheelchairs and stop at the water dispenser by the window.,666,0,10,0,True,1.496415228,1.0,13.72603270985218,15.760000000000002,0,0,0.0,0,0,1.1652375976244609,1.1635464429855347,1.2154816389083862,1.232157826423645,1.164286474386851,0.0009511204475226502,20.058094815200302,19.784515759545123,False
ticvla,dynanav_full85_noped_fixed,dynanav_013,hospital,trajectory_normalized,rgb_only,rgb_only,120.0,"[""rgb"",""motion_state"",""inference_latency"",""instruction""]","{""sensors"":[""rgb"",""odom""],""derived_inputs"":[],""model_internal_3d_perception"":false,""external_local_avoidance"":false,""uses_shared_path_follower"":true,""uses_shared_velocity_filter"":true}",[],False,False,True,True,Go straight past the wheelchairs and stop at the water dispenser by the window.,666,0,20,0,True,1.49806176,1.0,13.687592859964866,15.559999999,0,0,0.0,0,0,1.1664418578147888,1.1656190156936646,1.2180056452751158,1.2478245496749878,1.1654789487520854,0.000962927401997149,20.059363483880297,19.305928714704503,False
ticvla,dynanav_full85_noped_fixed,dynanav_014,hospital,trajectory_normalized,rgb_only,rgb_only,120.0,"[""rgb"",""motion_state"",""inference_latency"",""instruction""]","{""sensors"":[""rgb"",""odom""],""derived_inputs"":[],""model_internal_3d_perception"":false,""external_local_avoidance"":false,""uses_shared_path_follower"":true,""uses_shared_velocity_filter"":true}",[],False,False,True,True,Go straight past the wheelchairs and stop at the water dispenser by the window.,666,0,30,0,True,1.497842704,1.0,13.597769023953711,15.220000000000002,0,0,0.0,0,0,1.1778190414110818,1.1711208820343018,1.2380077362060544,1.2555086612701416,1.1768817504247029,0.0009372815644989411,20.089687944963952,19.191136953406286,False
ticvla,dynanav_full85_noped_fixed,dynanav_015,hospital,trajectory_normalized,rgb_only,rgb_only,120.0,"[""rgb"",""motion_state"",""inference_latency"",""instruction""]","{""sensors"":[""rgb"",""odom""],""derived_inputs"":[],""model_internal_3d_perception"":false,""external_local_avoidance"":false,""uses_shared_path_follower"":true,""uses_shared_velocity_filter"":true}",[],False,False,True,True,Go straight past the wheelchairs and stop at the water dispenser by the window.,666,0,40,0,True,1.493303475,1.0,13.60066456884999,15.519999999,0,0,0.0,0,0,1.1714323676865677,1.1658779382705688,1.2186190366744996,1.257483720779419,1.1704755322686557,0.0009568374491585739,20.04532946656588,19.548700257899387,False
ticvla,dynanav_full85_noped_fixed,dynanav_016,hospital,trajectory_normalized,rgb_only,rgb_only,120.0,"[""rgb"",""motion_state"",""inference_latency"",""instruction""]","{""sensors"":[""rgb"",""odom""],""derived_inputs"":[],""model_internal_3d_perception"":false,""external_local_avoidance"":false,""uses_shared_path_follower"":true,""uses_shared_velocity_filter"":true}",[],False,False,True,True,"Move forward toward the staircase, then turn left to enter the hallway. Continue straight ahead and stop in front of the blue hospital bed on the right side of the hallway.",666,0,0,0,True,1.485875946,0.9022276127052131,23.776239959352218,25.919999998999998,0,0,0.0,0,0,1.1477273410680342,1.1474804878234863,1.2077943801879882,1.2178419828414917,1.1467822181935212,0.0009451271011018936,20.055077256549826,19.155911613415597,False
ticvla,dynanav_full85_noped_fixed,dynanav_017,hospital,trajectory_normalized,rgb_only,rgb_only,120.0,"[""rgb"",""motion_state"",""inference_latency"",""instruction""]","{""sensors"":[""rgb"",""odom""],""derived_inputs"":[],""model_internal_3d_perception"":false,""external_local_avoidance"":false,""uses_shared_path_follower"":true,""uses_shared_velocity_filter"":true}",[],False,False,True,True,"Move forward toward the staircase, then turn left to enter the hallway. Continue straight ahead and stop in front of the blue hospital bed on the right side of the hallway.",666,0,10,0,True,1.496247662,0.8592475091023267,24.965734785553767,26.819999999999997,0,0,0.0,0,0,1.1509186543670356,1.1519358158111572,1.1904127597808838,1.2021973133087158,1.1499252553079642,0.0009934002985520398,20.037427895857395,19.315720509137126,False
ticvla,dynanav_full85_noped_fixed,dynanav_018,hospital,trajectory_normalized,rgb_only,rgb_only,120.0,"[""rgb"",""motion_state"",""inference_latency"",""instruction""]","{""sensors"":[""rgb"",""odom""],""derived_inputs"":[],""model_internal_3d_perception"":false,""external_local_avoidance"":false,""uses_shared_path_follower"":true,""uses_shared_velocity_filter"":true}",[],False,False,True,True,"Move forward toward the staircase, then turn left to enter the hallway. Continue straight ahead and stop in front of the blue hospital bed on the right side of the hallway.",666,0,20,0,True,1.482807019,0.8915541340381227,24.06033301499767,25.82,0,0,0.0,0,0,1.1514955394122066,1.1462247371673584,1.1855013847351075,1.253145456314087,1.1505516548545993,0.0009438781191271787,20.04298279520235,19.00316682996794,False
ticvla,dynanav_full85_noped_fixed,dynanav_019,hospital,trajectory_normalized,rgb_only,rgb_only,120.0,"[""rgb"",""motion_state"",""inference_latency"",""instruction""]","{""sensors"":[""rgb"",""odom""],""derived_inputs"":[],""model_internal_3d_perception"":false,""external_local_avoidance"":false,""uses_shared_path_follower"":true,""uses_shared_velocity_filter"":true}",[],False,False,True,True,"Move forward toward the staircase, then turn left to enter the hallway. Continue straight ahead and stop in front of the blue hospital bed on the right side of the hallway.",666,0,30,0,True,1.496840986,0.8629772016656763,24.857455497998544,26.919999998999998,0,0,0.0,0,0,1.147303411593804,1.1470492482185364,1.1927866041660309,1.197710394859314,1.1463532493664668,0.0009501653347307673,20.031902192961947,19.57213513088685,False
ticvla,dynanav_full85_noped_fixed,dynanav_020,hospital,trajectory_normalized,rgb_only,rgb_only,120.0,"[""rgb"",""motion_state"",""inference_latency"",""instruction""]","{""sensors"":[""rgb"",""odom""],""derived_inputs"":[],""model_internal_3d_perception"":false,""external_local_avoidance"":false,""uses_shared_path_follower"":true,""uses_shared_velocity_filter"":true}",[],False,False,True,True,"Move forward toward the staircase, then turn left to enter the hallway. Continue straight ahead and stop in front of the blue hospital bed on the right side of the hallway.",666,0,40,0,True,1.482014036,0.8778841147764622,24.43480403363727,26.479999999,0,0,0.0,0,0,1.1591392803192138,1.1570260524749756,1.198120194673538,1.2114695310592651,1.1582495141029359,0.0008897647261619568,20.03486005064141,19.514993894043602,False
ticvla,dynanav_full85_noped_fixed,dynanav_021,hospital,trajectory_normalized,rgb_only,rgb_only,120.0,"[""rgb"",""motion_state"",""inference_latency"",""instruction""]","{""sensors"":[""rgb"",""odom""],""derived_inputs"":[],""model_internal_3d_perception"":false,""external_local_avoidance"":false,""uses_shared_path_follower"":true,""uses_shared_velocity_filter"":true}",[],False,False,True,True,Exit the room and turn right to enter the hallway. Continue straight ahead and to the end of the hallway.,666,0,0,0,False,21.577122699,0.0,52.83307176094492,78.5,152,0,1.9363057324840764,0,0,1.1568086445331573,1.159344494342804,1.1926791369915009,1.2095991373062134,1.1558455377817154,0.0009631121670520914,20.0093097768969,18.580175801641083,False
ticvla,dynanav_full85_noped_fixed,dynanav_022,hospital,trajectory_normalized,rgb_only,rgb_only,120.0,"[""rgb"",""motion_state"",""inference_latency"",""instruction""]","{""sensors"":[""rgb"",""odom""],""derived_inputs"":[],""model_internal_3d_perception"":false,""external_local_avoidance"":false,""uses_shared_path_follower"":true,""uses_shared_velocity_filter"":true}",[],False,False,True,True,Exit the room and turn right to enter the hallway. Continue straight ahead and to the end of the hallway.,666,0,10,0,True,1.485269261,0.8588859837151943,29.2364104916113,31.740000000000002,32,0,1.0081915563957151,0,0,1.1625749869424788,1.1610051393508911,1.2068067789077759,1.242492914199829,1.1616108476138505,0.0009641307616056722,20.030455093554338,19.60142539638748,False
ticvla,dynanav_full85_noped_fixed,dynanav_023,hospital,trajectory_normalized,rgb_only,rgb_only,120.0,"[""rgb"",""motion_state"",""inference_latency"",""instruction""]","{""sensors"":[""rgb"",""odom""],""derived_inputs"":[],""model_internal_3d_perception"":false,""external_local_avoidance"":false,""uses_shared_path_follower"":true,""uses_shared_velocity_filter"":true}",[],False,False,True,True,Exit the room and turn right to enter the hallway. Continue straight ahead and to the end of the hallway.,666,0,20,0,True,1.487673499,0.8487622822255134,29.585090646993635,32.4,54,0,1.6666666666666667,0,0,1.1589467967710188,1.1573227047920227,1.210886549949646,1.2156257629394531,1.1579845912994877,0.0009621990348903402,20.03305801536043,19.542609126310975,False
ticvla,dynanav_full85_noped_fixed,dynanav_024,hospital,trajectory_normalized,rgb_only,rgb_only,120.0,"[""rgb"",""motion_state"",""inference_latency"",""instruction""]","{""sensors"":[""rgb"",""odom""],""derived_inputs"":[],""model_internal_3d_perception"":false,""external_local_avoidance"":false,""uses_shared_path_follower"":true,""uses_shared_velocity_filter"":true}",[],False,False,True,True,Exit the room and turn right to enter the hallway. Continue straight ahead and to the end of the hallway.,666,0,30,0,True,1.506733799,0.8474881347242268,29.62957005358199,33.239999999,30,0,0.9025270758394263,0,0,1.156807547523862,1.1591135263442993,1.1973956942558288,1.2100130319595337,1.1558557502807132,0.0009517999816804179,20.022539841073925,19.089518529808934,False
ticvla,dynanav_full85_noped_fixed,dynanav_025,hospital,trajectory_normalized,rgb_only,rgb_only,120.0,"[""rgb"",""motion_state"",""inference_latency"",""instruction""]","{""sensors"":[""rgb"",""odom""],""derived_inputs"":[],""model_internal_3d_perception"":false,""external_local_avoidance"":false,""uses_shared_path_follower"":true,""uses_shared_velocity_filter"":true}",[],False,False,True,True,Exit the room and turn right to enter the hallway. Continue straight ahead and to the end of the hallway.,666,0,40,0,True,1.490634928,0.4713659568147084,53.272144425256386,65.42,127,0,1.9413023540201773,0,0,1.1619200509364211,1.1627975702285767,1.2006482243537904,1.232232689857483,1.1609797665453332,0.0009402750870286245,20.0166548636513,18.711246794846843,False
ticvla,dynanav_full85_noped_fixed,dynanav_026,office,trajectory_normalized,rgb_only,rgb_only,120.0,"[""rgb"",""motion_state"",""inference_latency"",""instruction""]","{""sensors"":[""rgb"",""odom""],""derived_inputs"":[],""model_internal_3d_perception"":false,""external_local_avoidance"":false,""uses_shared_path_follower"":true,""uses_shared_velocity_filter"":true}",[],False,False,True,True,Go straight ahead and stop at the nearest elevator.,666,0,0,0,False,10.372035976,0.0,24.799286248841682,33.56,93,0,2.771156138259833,0,0,1.1627614371704333,1.1656193733215332,1.2018686532974243,1.2171237468719482,1.1617345159704036,0.0010269169843840327,20.022397121991503,19.01112563224453,False
ticvla,dynanav_full85_noped_fixed,dynanav_027,office,trajectory_normalized,rgb_only,rgb_only,120.0,"[""rgb"",""motion_state"",""inference_latency"",""instruction""]","{""sensors"":[""rgb"",""odom""],""derived_inputs"":[],""model_internal_3d_perception"":false,""external_local_avoidance"":false,""uses_shared_path_follower"":true,""uses_shared_velocity_filter"":true}",[],False,False,True,True,Go straight ahead and stop at the nearest elevator.,666,0,10,0,False,30.222213686,0.0,35.88808047916615,40.38,2,0,0.04952947003467063,0,0,1.1573548181147515,1.1589598655700684,1.2034509658813477,1.2381120920181274,1.1563947744007352,0.0009600440234747491,20.021741021934183,19.322385182026398,False
ticvla,dynanav_full85_noped_fixed,dynanav_028,office,trajectory_normalized,rgb_only,rgb_only,120.0,"[""rgb"",""motion_state"",""inference_latency"",""instruction""]","{""sensors"":[""rgb"",""odom""],""derived_inputs"":[],""model_internal_3d_perception"":false,""external_local_avoidance"":false,""uses_shared_path_follower"":true,""uses_shared_velocity_filter"":true}",[],False,False,True,True,Go straight ahead and stop at the nearest elevator.,666,0,20,0,False,11.100896839,0.0,23.938470007078866,47.46,16,0,0.337126000842815,3,2,1.1559866564248198,1.156019687652588,1.1999219179153442,1.2250323295593262,1.154985943148213,0.001000709720306419,20.01881485850362,19.075169011670106,False
ticvla,dynanav_full85_noped_fixed,dynanav_029,office,trajectory_normalized,rgb_only,rgb_only,120.0,"[""rgb"",""motion_state"",""inference_latency"",""instruction""]","{""sensors"":[""rgb"",""odom""],""derived_inputs"":[],""model_internal_3d_perception"":false,""external_local_avoidance"":false,""uses_shared_path_follower"":true,""uses_shared_velocity_filter"":true}",[],False,False,True,True,Go straight ahead and stop at the nearest elevator.,666,0,30,0,False,9.990656786,0.0,24.80527019631872,53.63999999999999,77,0,1.4354958985831472,3,3,1.1590646437878878,1.1591378450393677,1.1971921622753143,1.238053798675537,1.158113586452772,0.000951057239567404,20.01257127717223,19.000546547473096,False
ticvla,dynanav_full85_noped_fixed,dynanav_030,office,trajectory_normalized,rgb_only,rgb_only,120.0,"[""rgb"",""motion_state"",""inference_latency"",""instruction""]","{""sensors"":[""rgb"",""odom""],""derived_inputs"":[],""model_internal_3d_perception"":false,""external_local_avoidance"":false,""uses_shared_path_follower"":true,""uses_shared_velocity_filter"":true}",[],False,False,True,True,Go straight ahead and stop at the nearest elevator.,666,0,40,0,False,14.773054036,0.0,48.278942976245396,59.720000000000006,74,0,1.2391158740790353,0,0,1.1695728291984366,1.1694653034210205,1.2351113200187682,1.2531862258911133,1.168576421857882,0.0009964065452129777,20.011561469866166,18.703738877129492,False
ticvla,dynanav_full85_noped_fixed,dynanav_031,office,trajectory_normalized,rgb_only,rgb_only,120.0,"[""rgb"",""motion_state"",""inference_latency"",""instruction""]","{""sensors"":[""rgb"",""odom""],""derived_inputs"":[],""model_internal_3d_perception"":false,""external_local_avoidance"":false,""uses_shared_path_follower"":true,""uses_shared_velocity_filter"":true}",[],False,False,True,True,Turn right and follow the blue carpet to the end of the hallway. Enter the room with the reception desk.,666,0,0,0,False,10.424581425,0.0,35.31360754764648,44.159999999,51,0,1.1548913043739786,0,0,1.1526566217111986,1.1507983207702637,1.189731925725937,1.2262721061706543,1.1516823560692544,0.0009742601988512243,20.020405483183733,18.862428101432133,False
ticvla,dynanav_full85_noped_fixed,dynanav_032,office,trajectory_normalized,rgb_only,rgb_only,120.0,"[""rgb"",""motion_state"",""inference_latency"",""instruction""]","{""sensors"":[""rgb"",""odom""],""derived_inputs"":[],""model_internal_3d_perception"":false,""external_local_avoidance"":false,""uses_shared_path_follower"":true,""uses_shared_velocity_filter"":true}",[],False,False,True,True,Turn right and follow the blue carpet to the end of the hallway. Enter the room with the reception desk.,666,0,10,0,False,13.526258052,0.0,32.321112194486886,50.719999999,160,0,3.154574132554309,0,0,1.1523052080713136,1.1477231979370117,1.1924593329429627,1.2105014324188232,1.151323458161017,0.0009817502842369404,20.013433049559506,18.60373498877775,False
ticvla,dynanav_full85_noped_fixed,dynanav_033,office,trajectory_normalized,rgb_only,rgb_only,120.0,"[""rgb"",""motion_state"",""inference_latency"",""instruction""]","{""sensors"":[""rgb"",""odom""],""derived_inputs"":[],""model_internal_3d_perception"":false,""external_local_avoidance"":false,""uses_shared_path_follower"":true,""uses_shared_velocity_filter"":true}",[],False,False,True,True,Turn right and follow the blue carpet to the end of the hallway. Enter the room with the reception desk.,666,0,20,0,False,13.62243216,0.0,31.919491832023095,57.58,72,0,1.2504341785342132,5,5,1.149989684071161,1.1457186937332153,1.190995669364929,1.2133193016052246,1.1490115496964581,0.0009781379887290234,20.016394661833424,18.771339254325007,False
ticvla,dynanav_full85_noped_fixed,dynanav_034,office,trajectory_normalized,rgb_only,rgb_only,120.0,"[""rgb"",""motion_state"",""inference_latency"",""instruction""]","{""sensors"":[""rgb"",""odom""],""derived_inputs"":[],""model_internal_3d_perception"":false,""external_local_avoidance"":false,""uses_shared_path_follower"":true,""uses_shared_velocity_filter"":true}",[],False,False,True,True,Turn right and follow the blue carpet to the end of the hallway. Enter the room with the reception desk.,666,0,30,0,False,13.718734079,0.0,31.568123091168115,64.04,3,0,0.04684572142410993,7,7,1.1555327546028864,1.1517190337181091,1.193834900856018,1.240010142326355,1.1545126721972512,0.0010200767382417643,20.012484055729434,19.365507320964856,False
ticvla,dynanav_full85_noped_fixed,dynanav_035,office,trajectory_normalized,rgb_only,rgb_only,120.0,"[""rgb"",""motion_state"",""inference_latency"",""instruction""]","{""sensors"":[""rgb"",""odom""],""derived_inputs"":[],""model_internal_3d_perception"":false,""external_local_avoidance"":false,""uses_shared_path_follower"":true,""uses_shared_velocity_filter"":true}",[],False,False,True,True,Turn right and follow the blue carpet to the end of the hallway. Enter the room with the reception desk.,666,0,40,0,False,13.58777462,0.0,32.52633161560376,71.0,40,0,0.5633802816901409,4,4,1.156109536294457,1.1550724506378174,1.1897308111190794,1.2214646339416504,1.1551668043616865,0.0009427269620874481,20.00966363463107,19.267558771599035,False
ticvla,dynanav_full85_noped_fixed,dynanav_036,office,trajectory_normalized,rgb_only,rgb_only,120.0,"[""rgb"",""motion_state"",""inference_latency"",""instruction""]","{""sensors"":[""rgb"",""odom""],""derived_inputs"":[],""model_internal_3d_perception"":false,""external_local_avoidance"":false,""uses_shared_path_follower"":true,""uses_shared_velocity_filter"":true}",[],False,False,True,True,"Go straight ahead through the hallway, then turn left at the end to approach the red emergency exit door.",666,0,0,0,False,38.005207173,0.0,47.570020643809734,53.72,50,0,0.9307520476545048,0,0,1.1605335282829572,1.1581355333328247,1.2076334357261658,1.265440821647644,1.1595373727240652,0.0009961558202773613,20.018556384284178,18.98873766298786,False
ticvla,dynanav_full85_noped_fixed,dynanav_037,office,trajectory_normalized,rgb_only,rgb_only,120.0,"[""rgb"",""motion_state"",""inference_latency"",""instruction""]","{""sensors"":[""rgb"",""odom""],""derived_inputs"":[],""model_internal_3d_perception"":false,""external_local_avoidance"":false,""uses_shared_path_follower"":true,""uses_shared_velocity_filter"":true}",[],False,False,True,True,"Go straight ahead through the hallway, then turn left at the end to approach the red emergency exit door.",666,0,10,0,False,6.50534695,0.0,15.952335754741483,59.539999999,196,0,3.2919046020035587,1,1,1.1640204000873726,1.164316177368164,1.2006739139556883,1.2161507606506348,1.1630748269938622,0.0009455700266026274,20.014729187974304,18.718346927006177,False
ticvla,dynanav_full85_noped_fixed,dynanav_038,office,trajectory_normalized,rgb_only,rgb_only,120.0,"[""rgb"",""motion_state"",""inference_latency"",""instruction""]","{""sensors"":[""rgb"",""odom""],""derived_inputs"":[],""model_internal_3d_perception"":false,""external_local_avoidance"":false,""uses_shared_path_follower"":true,""uses_shared_velocity_filter"":true}",[],False,False,True,True,"Go straight ahead through the hallway, then turn left at the end to approach the red emergency exit door.",666,0,20,0,False,5.440460833,0.0,15.019314664295894,66.72,20,0,0.2997601918465228,9,9,1.1624725479068179,1.1611685752868652,1.203365796804428,1.249524474143982,1.1614667737122737,0.00100577528196895,20.010907450032747,19.096804426238123,False
ticvla,dynanav_full85_noped_fixed,dynanav_039,office,trajectory_normalized,rgb_only,rgb_only,120.0,"[""rgb"",""motion_state"",""inference_latency"",""instruction""]","{""sensors"":[""rgb"",""odom""],""derived_inputs"":[],""model_internal_3d_perception"":false,""external_local_avoidance"":false,""uses_shared_path_follower"":true,""uses_shared_velocity_filter"":true}",[],False,False,True,True,"Go straight ahead through the hallway, then turn left at the end to approach the red emergency exit door.",666,0,30,0,False,5.42849216,0.0,16.99095543039021,72.659999999,67,0,0.9221029452370233,5,5,1.1673203592431056,1.1670958995819092,1.2076895534992218,1.2418631315231323,1.1663214874594179,0.0009988683813302586,20.009821974676953,18.770483032034814,False
ticvla,dynanav_full85_noped_fixed,dynanav_040,office,trajectory_normalized,rgb_only,rgb_only,120.0,"[""rgb"",""motion_state"",""inference_latency"",""instruction""]","{""sensors"":[""rgb"",""odom""],""derived_inputs"":[],""model_internal_3d_perception"":false,""external_local_avoidance"":false,""uses_shared_path_follower"":true,""uses_shared_velocity_filter"":true}",[],False,False,True,True,"Go straight ahead through the hallway, then turn left at the end to approach the red emergency exit door.",666,0,40,0,False,5.128311337,0.0,21.5547465815573,80.32000000000001,144,0,1.7928286852589639,1,1,1.165312629825664,1.1605424880981445,1.2046358942985533,1.3001548051834106,1.164358840048688,0.0009537869705613586,20.011549912542236,18.971464348229176,False
ticvla,dynanav_full85_noped_fixed,dynanav_041,office,trajectory_normalized,rgb_only,rgb_only,120.0,"[""rgb"",""motion_state"",""inference_latency"",""instruction""]","{""sensors"":[""rgb"",""odom""],""derived_inputs"":[],""model_internal_3d_perception"":false,""external_local_avoidance"":false,""uses_shared_path_follower"":true,""uses_shared_velocity_filter"":true}",[],False,False,True,True,"Go straight down the hallway, turn left at the end, then continue forward to enter the office room. Move inside and stop in front of the desk on the right.",666,0,0,0,False,4.524178695,0.0,14.282557898842887,63.13999999999999,58,0,0.9185936015204309,3,3,1.1602707921512543,1.1606200337409973,1.2024160325527191,1.2225137948989868,1.159271204282367,0.0009995874854558636,20.012674577342022,18.565929359943766,False
ticvla,dynanav_full85_noped_fixed,dynanav_042,office,trajectory_normalized,rgb_only,rgb_only,120.0,"[""rgb"",""motion_state"",""inference_latency"",""instruction""]","{""sensors"":[""rgb"",""odom""],""derived_inputs"":[],""model_internal_3d_perception"":false,""external_local_avoidance"":false,""uses_shared_path_follower"":true,""uses_shared_velocity_filter"":true}",[],False,False,True,True,"Go straight down the hallway, turn left at the end, then continue forward to enter the office room. Move inside and stop in front of the desk on the right.",666,0,10,0,False,4.426288467,0.0,12.938066588526086,69.71999999900001,3,0,0.04302925989734694,17,16,1.1626589890006636,1.1620917320251465,1.2096765875816347,1.2484482526779175,1.1616636711916477,0.0009953187328006188,20.013553386496255,19.4762308104015,False
ticvla,dynanav_full85_noped_fixed,dynanav_043,office,trajectory_normalized,rgb_only,rgb_only,120.0,"[""rgb"",""motion_state"",""inference_latency"",""instruction""]","{""sensors"":[""rgb"",""odom""],""derived_inputs"":[],""model_internal_3d_perception"":false,""external_local_avoidance"":false,""uses_shared_path_follower"":true,""uses_shared_velocity_filter"":true}",[],False,False,True,True,"Go straight down the hallway, turn left at the end, then continue forward to enter the office room. Move inside and stop in front of the desk on the right.",666,0,20,0,False,4.556208523,0.0,12.916448621762951,77.02000000000001,4,0,0.05193456245131134,14,14,1.159971633378197,1.1643500328063965,1.2003602981567383,1.236850619316101,1.1589903297767141,0.0009813046735693135,20.00880297778705,18.51713968122443,False
ticvla,dynanav_full85_noped_fixed,dynanav_044,office,trajectory_normalized,rgb_only,rgb_only,120.0,"[""rgb"",""motion_state"",""inference_latency"",""instruction""]","{""sensors"":[""rgb"",""odom""],""derived_inputs"":[],""model_internal_3d_perception"":false,""external_local_avoidance"":false,""uses_shared_path_follower"":true,""uses_shared_velocity_filter"":true}",[],False,False,True,True,"Go straight down the hallway, turn left at the end, then continue forward to enter the office room. Move inside and stop in front of the desk on the right.",666,0,30,0,False,4.545936199,0.0,12.876182146446368,83.88000000000001,2,0,0.02384358607534573,23,23,1.162809471768069,1.1641605496406555,1.20686075091362,1.3261456489562988,1.1618194967867381,0.0009899714881700117,20.00832340943861,18.468762648390246,False
ticvla,dynanav_full85_noped_fixed,dynanav_045,office,trajectory_normalized,rgb_only,rgb_only,120.0,"[""rgb"",""motion_state"",""inference_latency"",""instruction""]","{""sensors"":[""rgb"",""odom""],""derived_inputs"":[],""model_internal_3d_perception"":false,""external_local_avoidance"":false,""uses_shared_path_follower"":true,""uses_shared_velocity_filter"":true}",[],False,False,True,True,"Go straight down the hallway, turn left at the end, then continue forward to enter the office room. Move inside and stop in front of the desk on the right.",666,0,40,0,False,4.362957146,0.0,13.04090496316503,90.8,6,0,0.06607929515418502,20,19,1.1606079373279763,1.1606931686401367,1.2022395849227905,1.22296941280365,1.1596005568957195,0.001007377473746723,20.008841917616206,18.752565463270376,False
ticvla,dynanav_full85_noped_fixed,dynanav_046,office,trajectory_normalized,rgb_only,rgb_only,120.0,"[""rgb"",""motion_state"",""inference_latency"",""instruction""]","{""sensors"":[""rgb"",""odom""],""derived_inputs"":[],""model_internal_3d_perception"":false,""external_local_avoidance"":false,""uses_shared_path_follower"":true,""uses_shared_velocity_filter"":true}",[],False,False,True,True,"Go straight ahead, passing through the hallway behind the black glass doors, and then enter the office desk area and stop at the white desk with the plant on it, located on the right side of the wall at the end.",666,0,0,0,False,8.734132211,0.0,41.51958131765873,71.8,74,0,1.0306406685236769,0,0,1.175755262374878,1.1746714115142822,1.221032291650772,1.2832642793655396,1.1747500871958798,0.0010051735826729707,20.010067776082796,19.16788051783189,False
ticvla,dynanav_full85_noped_fixed,dynanav_047,office,trajectory_normalized,rgb_only,rgb_only,120.0,"[""rgb"",""motion_state"",""inference_latency"",""instruction""]","{""sensors"":[""rgb"",""odom""],""derived_inputs"":[],""model_internal_3d_perception"":false,""external_local_avoidance"":false,""uses_shared_path_follower"":true,""uses_shared_velocity_filter"":true}",[],False,False,True,True,"Go straight ahead, passing through the hallway behind the black glass doors, and then enter the office desk area and stop at the white desk with the plant on it, located on the right side of the wall at the end.",666,0,10,0,False,6.641464369,0.0,37.41310687407868,78.519999999,55,0,0.7004584819243562,4,4,1.1769788992479913,1.1761581897735596,1.2185651898384093,1.2468676567077637,1.1759845940571911,0.0009943003365008524,20.01015543540732,19.007796092547117,False
ticvla,dynanav_full85_noped_fixed,dynanav_048,office,trajectory_normalized,rgb_only,rgb_only,120.0,"[""rgb"",""motion_state"",""inference_latency"",""instruction""]","{""sensors"":[""rgb"",""odom""],""derived_inputs"":[],""model_internal_3d_perception"":false,""external_local_avoidance"":false,""uses_shared_path_follower"":true,""uses_shared_velocity_filter"":true}",[],False,False,True,True,"Go straight ahead, passing through the hallway behind the black glass doors, and then enter the office desk area and stop at the white desk with the plant on it, located on the right side of the wall at the end.",666,0,20,0,False,40.377153313,0.0,71.26380669133646,79.60000000000001,143,0,1.7964824120603013,0,0,1.1737261620707482,1.1708320379257202,1.212161135673523,1.2516118288040161,1.1727482140439112,0.0009779404766810764,20.01084983071015,19.13402940581461,False
ticvla,dynanav_full85_noped_fixed,dynanav_049,office,trajectory_normalized,rgb_only,rgb_only,120.0,"[""rgb"",""motion_state"",""inference_latency"",""instruction""]","{""sensors"":[""rgb"",""odom""],""derived_inputs"":[],""model_internal_3d_perception"":false,""external_local_avoidance"":false,""uses_shared_path_follower"":true,""uses_shared_velocity_filter"":true}",[],False,False,True,True,"Go straight ahead, passing through the hallway behind the black glass doors, and then enter the office desk area and stop at the white desk with the plant on it, located on the right side of the wall at the end.",666,0,30,0,False,24.707884964,0.0,62.059619794291756,93.14,69,0,0.7408202705604466,0,0,1.1728096251846643,1.170175313949585,1.2147008776664734,1.2524080276489258,1.1718237617964387,0.000985868506118535,20.010740254551223,18.754150529796235,False
ticvla,dynanav_full85_noped_fixed,dynanav_050,office,trajectory_normalized,rgb_only,rgb_only,120.0,"[""rgb"",""motion_state"",""inference_latency"",""instruction""]","{""sensors"":[""rgb"",""odom""],""derived_inputs"":[],""model_internal_3d_perception"":false,""external_local_avoidance"":false,""uses_shared_path_follower"":true,""uses_shared_velocity_filter"":true}",[],False,False,True,True,"Go straight ahead, passing through the hallway behind the black glass doors, and then enter the office desk area and stop at the white desk with the plant on it, located on the right side of the wall at the end.",666,0,40,0,False,57.418394386,0.0,88.8471192160692,99.58,157,0,1.5766218116087567,0,0,1.1729795231891038,1.1718367338180542,1.213884174823761,1.262580156326294,1.1720186352130755,0.0009608877004924506,20.007740880477375,19.040362315629093,False
ticvla,dynanav_full85_noped_fixed,dynanav_051,outdoor,trajectory_normalized,rgb_only,rgb_only,120.0,"[""rgb"",""motion_state"",""inference_latency"",""instruction""]","{""sensors"":[""rgb"",""odom""],""derived_inputs"":[],""model_internal_3d_perception"":false,""external_local_avoidance"":false,""uses_shared_path_follower"":true,""uses_shared_velocity_filter"":true}",[],False,False,True,True,Go straight until reach the black and white striped umbrellas.,666,0,200,0,False,20.910488261,0.0,39.19717212922118,41.62,154,0,3.7001441614608366,0,0,1.2551577253775164,1.2515503764152527,1.312643676996231,1.3557697534561157,1.254188389489145,0.0009693349482294059,20.011586664101117,18.025506890818694,False
ticvla,dynanav_full85_noped_fixed,dynanav_052,outdoor,trajectory_normalized,rgb_only,rgb_only,120.0,"[""rgb"",""motion_state"",""inference_latency"",""instruction""]","{""sensors"":[""rgb"",""odom""],""derived_inputs"":[],""model_internal_3d_perception"":false,""external_local_avoidance"":false,""uses_shared_path_follower"":true,""uses_shared_velocity_filter"":true}",[],False,False,True,True,Go straight until reach the black and white striped umbrellas.,666,0,200,0,False,38.144198012,0.0,60.29055482918452,62.839999999999996,441,0,7.017823042647995,0,0,1.2462698634545408,1.2447680234909058,1.2988765478134154,1.3317848443984985,1.2452925623361788,0.0009773002554845046,20.009466219295714,17.659085191570462,False
ticvla,dynanav_full85_noped_fixed,dynanav_053,outdoor,trajectory_normalized,rgb_only,rgb_only,120.0,"[""rgb"",""motion_state"",""inference_latency"",""instruction""]","{""sensors"":[""rgb"",""odom""],""derived_inputs"":[],""model_internal_3d_perception"":false,""external_local_avoidance"":false,""uses_shared_path_follower"":true,""uses_shared_velocity_filter"":true}",[],False,False,True,True,Drive forward passing the pillars and stop when you reach the last pillar at the far end.,666,0,100,0,False,32.701357079,0.0,12.568783271038589,65.5,653,0,9.969465648854962,1,1,1.2034545016648182,1.2020525932312012,1.2504096627235413,1.3268085718154907,1.2024664471496889,0.000988058621255709,20.009245740897896,18.001690947961215,False
ticvla,dynanav_full85_noped_fixed,dynanav_054,outdoor,trajectory_normalized,rgb_only,rgb_only,120.0,"[""rgb"",""motion_state"",""inference_latency"",""instruction""]","{""sensors"":[""rgb"",""odom""],""derived_inputs"":[],""model_internal_3d_perception"":false,""external_local_avoidance"":false,""uses_shared_path_follower"":true,""uses_shared_velocity_filter"":true}",[],False,False,True,True,Drive forward passing the pillars and stop when you reach the last pillar at the far end.,666,0,200,0,False,33.841009848,0.0,18.54240851420863,88.399999999,1048,0,11.85520362004361,0,0,1.2008173951562846,1.200391411781311,1.2435503244400024,1.2723034620285034,1.1998389428516605,0.0009784495128529532,20.006970709976425,17.00805779802598,False
ticvla,dynanav_full85_noped_fixed,dynanav_055,outdoor,trajectory_normalized,rgb_only,rgb_only,120.0,"[""rgb"",""motion_state"",""inference_latency"",""instruction""]","{""sensors"":[""rgb"",""odom""],""derived_inputs"":[],""model_internal_3d_perception"":false,""external_local_avoidance"":false,""uses_shared_path_follower"":true,""uses_shared_velocity_filter"":true}",[],False,False,True,True,"Cross the street straight ahead, then proceed forward to the Northside Branch Library with the circular window at front. Do not turn right.",666,0,100,0,False,69.160249888,0.0,82.57098221783157,83.21999999900001,476,0,5.719778899371782,0,0,1.2318460085338219,1.2332183718681335,1.274523377418518,1.289612889289856,1.2308802371634577,0.0009657749424765545,20.006990524665426,17.82074494401285,False
ticvla,dynanav_full85_noped_fixed,dynanav_056,outdoor,trajectory_normalized,rgb_only,rgb_only,120.0,"[""rgb"",""motion_state"",""inference_latency"",""instruction""]","{""sensors"":[""rgb"",""odom""],""derived_inputs"":[],""model_internal_3d_perception"":false,""external_local_avoidance"":false,""uses_shared_path_follower"":true,""uses_shared_velocity_filter"":true}",[],False,False,True,True,"Cross the street straight ahead, then proceed forward to the Northside Branch Library with the circular window at front. Do not turn right.",666,0,200,0,False,90.38838469,0.0,105.18857091253305,105.42,344,0,3.263137924492506,0,0,1.2240370594593415,1.2240931987762451,1.2697798311710358,1.337193250656128,1.2230641823935222,0.0009728751144601952,20.004533521347838,17.933960441590997,False
ticvla,dynanav_full85_noped_fixed,dynanav_057,outdoor,trajectory_normalized,rgb_only,rgb_only,120.0,"[""rgb"",""motion_state"",""inference_latency"",""instruction""]","{""sensors"":[""rgb"",""odom""],""derived_inputs"":[],""model_internal_3d_perception"":false,""external_local_avoidance"":false,""uses_shared_path_follower"":true,""uses_shared_velocity_filter"":true}",[],False,False,True,True,Cross the street and continue straight until you reach the storefront with the yellow UPSWAY sign.,666,0,100,0,False,8.657450106,0.0,21.871321244991478,104.139999999,1406,0,13.501056270534868,0,0,1.2246684345854335,1.2256349325180054,1.2669219017028808,1.3007879257202148,1.2236727529979614,0.0009956849340618734,20.00534724564134,17.550511916371416,False
ticvla,dynanav_full85_noped_fixed,dynanav_058,outdoor,trajectory_normalized,rgb_only,rgb_only,120.0,"[""rgb"",""motion_state"",""inference_latency"",""instruction""]","{""sensors"":[""rgb"",""odom""],""derived_inputs"":[],""model_internal_3d_perception"":false,""external_local_avoidance"":false,""uses_shared_path_follower"":true,""uses_shared_velocity_filter"":true}",[],False,False,True,True,Cross the street and continue straight until you reach the storefront with the yellow UPSWAY sign.,666,0,200,0,False,36.059477309,0.0,29.821811749124578,129.54,1843,0,14.22726570943338,0,0,1.2121488298091077,1.2122987508773804,1.2570152044296263,1.3084570169448853,1.211149115311472,0.0009997178445030983,20.003539835809892,17.81246793912801,False
ticvla,dynanav_full85_noped_fixed,dynanav_059,outdoor,trajectory_normalized,rgb_only,rgb_only,120.0,"[""rgb"",""motion_state"",""inference_latency"",""instruction""]","{""sensors"":[""rgb"",""odom""],""derived_inputs"":[],""model_internal_3d_perception"":false,""external_local_avoidance"":false,""uses_shared_path_follower"":true,""uses_shared_velocity_filter"":true}",[],False,False,True,True,"Continue forward, go down the ramp by the slopeon the left side of the red triangular yield sign, then head toward the fountain.",666,0,100,0,False,53.645427733,0.0,84.25335210390837,85.46000000000001,113,0,1.3222560262110927,0,0,1.220948713230637,1.220839500427246,1.262139582633972,1.3016343116760254,1.2199813838274973,0.0009673262520183651,20.00539014241836,18.04055573853173,False
ticvla,dynanav_full85_noped_fixed,dynanav_060,outdoor,trajectory_normalized,rgb_only,rgb_only,120.0,"[""rgb"",""motion_state"",""inference_latency"",""instruction""]","{""sensors"":[""rgb"",""odom""],""derived_inputs"":[],""model_internal_3d_perception"":false,""external_local_avoidance"":false,""uses_shared_path_follower"":true,""uses_shared_velocity_filter"":true}",[],False,False,True,True,"Continue forward, turn left to go down the ramp on the left side of the red triangular yield sign, then head toward the fountain.",666,0,200,0,False,82.109960407,0.0,107.5892674912173,108.219999999,272,0,2.5133986324386752,0,0,1.2171048152159496,1.216149628162384,1.2583385944366454,1.2946466207504272,1.2161344304142228,0.0009703847736748586,20.005275693422952,18.16378749376577,False
ticvla,dynanav_full85_noped_fixed,dynanav_061,warehouse,trajectory_normalized,rgb_only,rgb_only,120.0,"[""rgb"",""motion_state"",""inference_latency"",""instruction""]","{""sensors"":[""rgb"",""odom""],""derived_inputs"":[],""model_internal_3d_perception"":false,""external_local_avoidance"":false,""uses_shared_path_follower"":true,""uses_shared_velocity_filter"":true}",[],False,False,True,True,Proceed to the traffic cones at the entrance of Aisle 05 (the second aisle from the right).,666,0,0,0,False,17.122803332,0.0,33.034394973238946,43.68,133,0,3.0448717948717947,0,0,1.2044894462046416,1.202617108821869,1.2604321837425232,1.2983779907226562,1.2035185189350792,0.000970934851742957,20.017764684119097,18.24562213725947,False
ticvla,dynanav_full85_noped_fixed,dynanav_062,warehouse,trajectory_normalized,rgb_only,rgb_only,120.0,"[""rgb"",""motion_state"",""inference_latency"",""instruction""]","{""sensors"":[""rgb"",""odom""],""derived_inputs"":[],""model_internal_3d_perception"":false,""external_local_avoidance"":false,""uses_shared_path_follower"":true,""uses_shared_velocity_filter"":true}",[],False,False,True,True,Proceed to the yellow forklift at the entrance of Aisle 06 (the first aisle from the right).,666,0,10,0,False,7.98896863,0.0,44.02323819912908,49.420000001,40,0,0.8093889113555365,0,0,1.205744373348524,1.2037585377693176,1.2648713886737823,1.2843998670578003,1.2047754739815335,0.0009689035370752637,20.017195646954494,19.085378276644185,False
ticvla,dynanav_full85_noped_fixed,dynanav_063,warehouse,trajectory_normalized,rgb_only,rgb_only,120.0,"[""rgb"",""motion_state"",""inference_latency"",""instruction""]","{""sensors"":[""rgb"",""odom""],""derived_inputs"":[],""model_internal_3d_perception"":false,""external_local_avoidance"":false,""uses_shared_path_follower"":true,""uses_shared_velocity_filter"":true}",[],False,False,True,True,Proceed to the yellow forklift at the entrance of Aisle 06 (the first aisle from the right).,666,0,20,0,False,9.984475554,0.0,49.822886055247864,55.18,4,0,0.07249003262051468,0,0,1.2082156473849,1.2093480825424194,1.2555407524108886,1.2982895374298096,1.2072438392318596,0.0009718083164130314,20.012810843735092,18.95169783045224,False
ticvla,dynanav_full85_noped_fixed,dynanav_064,warehouse,trajectory_normalized,rgb_only,rgb_only,120.0,"[""rgb"",""motion_state"",""inference_latency"",""instruction""]","{""sensors"":[""rgb"",""odom""],""derived_inputs"":[],""model_internal_3d_perception"":false,""external_local_avoidance"":false,""uses_shared_path_follower"":true,""uses_shared_velocity_filter"":true}",[],False,False,True,True,Proceed to the yellow forklift at the entrance of Aisle 06 (the first aisle from the right).,666,0,30,0,False,17.074147567,0.0,35.24835226716715,60.459999999000004,309,0,5.110817069221151,3,3,1.2090179740934444,1.205992341041565,1.2561883211135862,1.2817323207855225,1.208062834309456,0.0009551432764479765,20.011178093184952,19.34087422574474,False
ticvla,dynanav_full85_noped_fixed,dynanav_065,warehouse,trajectory_normalized,rgb_only,rgb_only,120.0,"[""rgb"",""motion_state"",""inference_latency"",""instruction""]","{""sensors"":[""rgb"",""odom""],""derived_inputs"":[],""model_internal_3d_perception"":false,""external_local_avoidance"":false,""uses_shared_path_follower"":true,""uses_shared_velocity_filter"":true}",[],False,False,True,True,Proceed to the yellow forklift at the entrance of Aisle 06 (the first aisle from the right).,666,0,40,0,False,15.89091504,0.0,35.89216792925323,66.7,118,0,1.7691154422788604,3,2,1.21127626259033,1.2124534249305725,1.2714058458805084,1.3953564167022705,1.2103129951921228,0.0009632691316791389,20.01125202752591,18.598898117104017,False
ticvla,dynanav_full85_noped_fixed,dynanav_066,warehouse,trajectory_normalized,rgb_only,rgb_only,120.0,"[""rgb"",""motion_state"",""inference_latency"",""instruction""]","{""sensors"":[""rgb"",""odom""],""derived_inputs"":[],""model_internal_3d_perception"":false,""external_local_avoidance"":false,""uses_shared_path_follower"":true,""uses_shared_velocity_filter"":true}",[],False,False,True,True,"Go straight to leave the current aisle, then turn right to approach the fire extinguisher cabinet on the wall.",666,0,0,0,False,15.59285044,0.0,57.94161408754873,73.959999999,48,0,0.6489994591758923,0,0,1.1684365476432599,1.166777491569519,1.2124567747116088,1.2419744729995728,1.1674505840790899,0.0009859702327766602,20.011847532555795,19.282050550846137,False
ticvla,dynanav_full85_noped_fixed,dynanav_067,warehouse,trajectory_normalized,rgb_only,rgb_only,120.0,"[""rgb"",""motion_state"",""inference_latency"",""instruction""]","{""sensors"":[""rgb"",""odom""],""derived_inputs"":[],""model_internal_3d_perception"":false,""external_local_avoidance"":false,""uses_shared_path_follower"":true,""uses_shared_velocity_filter"":true}",[],False,False,True,True,Go straight to leave the current aisle.  Turn right to approach the fire extinguisher cabinet on the wall.,666,0,10,0,False,7.150373682,0.0,40.283446735838844,80.24,28,0,0.3489531405782652,12,11,1.1645489647445908,1.1701149344444275,1.2141708433628082,1.2437598705291748,1.163548357874514,0.0010006099873424385,20.010220080494825,18.771063682835,False
ticvla,dynanav_full85_noped_fixed,dynanav_068,warehouse,trajectory_normalized,rgb_only,rgb_only,120.0,"[""rgb"",""motion_state"",""inference_latency"",""instruction""]","{""sensors"":[""rgb"",""odom""],""derived_inputs"":[],""model_internal_3d_perception"":false,""external_local_avoidance"":false,""uses_shared_path_follower"":true,""uses_shared_velocity_filter"":true}",[],False,False,True,True,"Go straight to leave the current aisle, then turn right to approach the fire extinguisher cabinet on the wall.",666,0,20,0,False,22.335342171,0.0,13.507713187750431,82.84,526,0,6.349589570255914,3,3,1.1917519589376184,1.1934375762939453,1.2422205209732056,1.3142672777175903,1.1907899439667857,0.0009620182493222908,20.009482241041717,18.887571883727055,False
ticvla,dynanav_full85_noped_fixed,dynanav_069,warehouse,trajectory_normalized,rgb_only,rgb_only,120.0,"[""rgb"",""motion_state"",""inference_latency"",""instruction""]","{""sensors"":[""rgb"",""odom""],""derived_inputs"":[],""model_internal_3d_perception"":false,""external_local_avoidance"":false,""uses_shared_path_follower"":true,""uses_shared_velocity_filter"":true}",[],False,False,True,True,"Go straight to leave the current aisle, then turn right to approach the fire extinguisher cabinet on the wall.",666,0,30,0,False,16.809217585,0.0,7.0135796549886775,89.34,52,0,0.5820461159614954,14,13,1.1774549854851757,1.1786216497421265,1.2270653009414672,1.245351791381836,1.1764742370714178,0.0009807449599023464,20.009988854759268,18.833589457848944,False
ticvla,dynanav_full85_noped_fixed,dynanav_070,warehouse,trajectory_normalized,rgb_only,rgb_only,120.0,"[""rgb"",""motion_state"",""inference_latency"",""instruction""]","{""sensors"":[""rgb"",""odom""],""derived_inputs"":[],""model_internal_3d_perception"":false,""external_local_avoidance"":false,""uses_shared_path_follower"":true,""uses_shared_velocity_filter"":true}",[],False,False,True,True,"Go straight to leave the current aisle, then turn right to approach the fire extinguisher cabinet on the wall.",666,0,40,0,False,16.52730339,0.0,7.068380294998115,97.76,167,0,1.708265139116203,15,14,1.178538207868928,1.1781924366950989,1.2227700650691986,1.2830798625946045,1.1775086927182465,0.0010295147358810584,20.00723461448751,18.83649742886321,False
ticvla,dynanav_full85_noped_fixed,dynanav_071,warehouse,trajectory_normalized,rgb_only,rgb_only,120.0,"[""rgb"",""motion_state"",""inference_latency"",""instruction""]","{""sensors"":[""rgb"",""odom""],""derived_inputs"":[],""model_internal_3d_perception"":false,""external_local_avoidance"":false,""uses_shared_path_follower"":true,""uses_shared_velocity_filter"":true}",[],False,False,True,True,"Enter Aisle 01, the leftmost aisle, and continue to the end.",666,0,0,0,False,3.351109256,0.0,35.46633764544216,53.94,266,0,4.931405265109381,3,3,1.1922646537423134,1.1876301169395447,1.239682686328888,1.2580796480178833,1.1912956738046236,0.000968982428145994,20.017254677588603,19.15121287906801,False
ticvla,dynanav_full85_noped_fixed,dynanav_072,warehouse,trajectory_normalized,rgb_only,rgb_only,120.0,"[""rgb"",""motion_state"",""inference_latency"",""instruction""]","{""sensors"":[""rgb"",""odom""],""derived_inputs"":[],""model_internal_3d_perception"":false,""external_local_avoidance"":false,""uses_shared_path_follower"":true,""uses_shared_velocity_filter"":true}",[],False,False,True,True,"Enter Aisle 01, the leftmost aisle, and continue to the end.",666,0,10,0,False,22.186396567,0.0,51.517387129457624,60.939999999,70,0,1.1486708237799257,0,0,1.1878481176164415,1.186775267124176,1.2316442131996155,1.2774661779403687,1.1868662900394864,0.000981829904337665,20.010824315929163,18.803474027601144,False
ticvla,dynanav_full85_noped_fixed,dynanav_073,warehouse,trajectory_normalized,rgb_only,rgb_only,120.0,"[""rgb"",""motion_state"",""inference_latency"",""instruction""]","{""sensors"":[""rgb"",""odom""],""derived_inputs"":[],""model_internal_3d_perception"":false,""external_local_avoidance"":false,""uses_shared_path_follower"":true,""uses_shared_velocity_filter"":true}",[],False,False,True,True,"Enter Aisle 01, the leftmost aisle, and continue to the end.",666,0,20,0,False,14.882857746,0.0,44.65174675934646,67.87999999899999,152,0,2.23924572778785,0,0,1.1812401184013912,1.1836705803871155,1.234744131565094,1.2683320045471191,1.1802769886595863,0.000963133349848379,20.013572661286503,19.14041393588276,False
ticvla,dynanav_full85_noped_fixed,dynanav_074,warehouse,trajectory_normalized,rgb_only,rgb_only,120.0,"[""rgb"",""motion_state"",""inference_latency"",""instruction""]","{""sensors"":[""rgb"",""odom""],""derived_inputs"":[],""model_internal_3d_perception"":false,""external_local_avoidance"":false,""uses_shared_path_follower"":true,""uses_shared_velocity_filter"":true}",[],False,False,True,True,"Enter Aisle 01, the leftmost aisle, and continue to the end.",666,0,30,0,False,25.759403844,0.0,59.08303283535843,72.76,284,0,3.903243540406817,0,0,1.1901702530243818,1.1871016025543213,1.2412798881530762,1.2741206884384155,1.1891903503268373,0.0009799085723333596,20.012140987159697,18.98106782060535,False
ticvla,dynanav_full85_noped_fixed,dynanav_075,warehouse,trajectory_normalized,rgb_only,rgb_only,120.0,"[""rgb"",""motion_state"",""inference_latency"",""instruction""]","{""sensors"":[""rgb"",""odom""],""derived_inputs"":[],""model_internal_3d_perception"":false,""external_local_avoidance"":false,""uses_shared_path_follower"":true,""uses_shared_velocity_filter"":true}",[],False,False,True,True,"Enter Aisle 01, the leftmost aisle, and continue to the end.",666,0,40,0,False,26.981826217,0.0,58.1375889017677,80.64,82,0,1.0168650793650793,0,0,1.1813652781118829,1.1810516715049744,1.2172527313232422,1.2420777082443237,1.180413256926709,0.0009520230990138847,20.010489426896914,18.705479404923082,False
ticvla,dynanav_full85_noped_fixed,dynanav_076,warehouse,trajectory_normalized,rgb_only,rgb_only,120.0,"[""rgb"",""motion_state"",""inference_latency"",""instruction""]","{""sensors"":[""rgb"",""odom""],""derived_inputs"":[],""model_internal_3d_perception"":false,""external_local_avoidance"":false,""uses_shared_path_follower"":true,""uses_shared_velocity_filter"":true}",[],False,False,True,True,"Go straight to enter Aisle 06 (the last aisle from the left), passing the yellow forklift to reach the end of the aisle.",666,0,0,0,True,1.488980733,0.4280827149651035,80.1611799219045,97.66,223,0,2.283432316199058,0,0,1.2255388282594226,1.222815990447998,1.2709391891956328,1.3927088975906372,1.2245988522257123,0.0009399733921912099,20.01153518321227,18.403831966661294,False
ticvla,dynanav_full85_noped_fixed,dynanav_077,warehouse,trajectory_normalized,rgb_only,rgb_only,120.0,"[""rgb"",""motion_state"",""inference_latency"",""instruction""]","{""sensors"":[""rgb"",""odom""],""derived_inputs"":[],""model_internal_3d_perception"":false,""external_local_avoidance"":false,""uses_shared_path_follower"":true,""uses_shared_velocity_filter"":true}",[],False,False,True,True,"Go straight to enter Aisle 06 (the last aisle from the left), passing the yellow forklift to reach the end of the aisle.",666,0,10,0,False,42.197244045,0.0,81.6056327732105,98.86,90,0,0.910378312765527,0,0,1.2205462731280416,1.2189202308654785,1.2658452987670898,1.44549560546875,1.2195643113469177,0.0009819588092384191,20.006369823958053,19.060111226913694,False
ticvla,dynanav_full85_noped_fixed,dynanav_078,warehouse,trajectory_normalized,rgb_only,rgb_only,120.0,"[""rgb"",""motion_state"",""inference_latency"",""instruction""]","{""sensors"":[""rgb"",""odom""],""derived_inputs"":[],""model_internal_3d_perception"":false,""external_local_avoidance"":false,""uses_shared_path_follower"":true,""uses_shared_velocity_filter"":true}",[],False,False,True,True,"Go straight to enter Aisle 06 (the last aisle from the left), passing the yellow forklift to reach the end of the aisle.",666,0,20,0,True,1.495832286,0.8017985883590023,42.79646463542499,51.739999999,2,0,0.03865481252490636,0,0,1.22362639023377,1.2207965850830078,1.266294777393341,1.4237605333328247,1.2226567998662725,0.0009695901021545937,20.02252970465079,18.872116965587605,False
ticvla,dynanav_full85_noped_fixed,dynanav_079,warehouse,trajectory_normalized,rgb_only,rgb_only,120.0,"[""rgb"",""motion_state"",""inference_latency"",""instruction""]","{""sensors"":[""rgb"",""odom""],""derived_inputs"":[],""model_internal_3d_perception"":false,""external_local_avoidance"":false,""uses_shared_path_follower"":true,""uses_shared_velocity_filter"":true}",[],False,False,True,True,"Go straight to enter Aisle 06 (the last aisle from the left), passing the yellow forklift to reach the end of the aisle.",666,0,30,0,False,19.84195494,0.0,17.705726746775113,108.42,299,0,2.7577937649880098,11,11,1.2319619471059184,1.2312790155410767,1.2836299180984498,1.3366578817367554,1.2309959832594484,0.0009659643588922762,20.007928113163583,19.146617635973683,False
ticvla,dynanav_full85_noped_fixed,dynanav_080,warehouse,trajectory_normalized,rgb_only,rgb_only,120.0,"[""rgb"",""motion_state"",""inference_latency"",""instruction""]","{""sensors"":[""rgb"",""odom""],""derived_inputs"":[],""model_internal_3d_perception"":false,""external_local_avoidance"":false,""uses_shared_path_follower"":true,""uses_shared_velocity_filter"":true}",[],False,False,True,True,"Go straight to enter Aisle 06 (the last aisle from the left), passing the yellow forklift to reach the end of the aisle.",666,0,40,0,False,3.574093945,0.0,80.43823572656969,117.879999999,115,0,0.9755683746265318,0,0,1.2166499413049268,1.2150081396102905,1.262796401977539,1.3862625360488892,1.2156846579826868,0.0009652794013904194,20.007129805243153,18.904640153508783,False
ticvla,dynanav_full85_noped_fixed,dynanav_081,warehouse,trajectory_normalized,rgb_only,rgb_only,120.0,"[""rgb"",""motion_state"",""inference_latency"",""instruction""]","{""sensors"":[""rgb"",""odom""],""derived_inputs"":[],""model_internal_3d_perception"":false,""external_local_avoidance"":false,""uses_shared_path_follower"":true,""uses_shared_velocity_filter"":true}",[],False,False,True,True,Go straight past the aisle ahead. Turn right at the end and proceed forward to approach the fire extinguisher on the last rack.,666,0,0,0,False,15.425805104,0.0,26.22950937217189,81.10000000000001,47,0,0.5795314426633785,10,9,1.190781941303628,1.1876510381698608,1.251912307739258,1.2933611869812012,1.1898076093265777,0.0009743289758230565,20.008169644962877,18.55659046119741,False
ticvla,dynanav_full85_noped_fixed,dynanav_082,warehouse,trajectory_normalized,rgb_only,rgb_only,120.0,"[""rgb"",""motion_state"",""inference_latency"",""instruction""]","{""sensors"":[""rgb"",""odom""],""derived_inputs"":[],""model_internal_3d_perception"":false,""external_local_avoidance"":false,""uses_shared_path_follower"":true,""uses_shared_velocity_filter"":true}",[],False,False,True,True,Go straight past the aisle ahead. Turn right at the end and proceed forward to approach the fire extinguisher on the last rack.,666,0,10,0,False,16.406481134,0.0,28.589905885231104,87.53999999999999,208,0,2.376056659812657,12,12,1.1951930838662226,1.188609004020691,1.2690703868865967,1.6745105981826782,1.1941969078940313,0.0009961731719306192,20.01033851943318,19.164093687903623,False
ticvla,dynanav_full85_noped_fixed,dynanav_083,warehouse,trajectory_normalized,rgb_only,rgb_only,120.0,"[""rgb"",""motion_state"",""inference_latency"",""instruction""]","{""sensors"":[""rgb"",""odom""],""derived_inputs"":[],""model_internal_3d_perception"":false,""external_local_avoidance"":false,""uses_shared_path_follower"":true,""uses_shared_velocity_filter"":true}",[],False,False,True,True,Go straight past the aisle ahead. Turn right at the end and proceed forward to approach the fire extinguisher on the last rack.,666,0,20,0,False,27.041790935,0.0,48.47751842263645,97.18,173,0,1.780201687590039,3,2,1.1868784709192401,1.1808124780654907,1.2441714167594908,1.3120582103729248,1.1859055044663012,0.0009729656234065342,20.007869736086807,19.265442969789525,False
ticvla,dynanav_full85_noped_fixed,dynanav_084,warehouse,trajectory_normalized,rgb_only,rgb_only,120.0,"[""rgb"",""motion_state"",""inference_latency"",""instruction""]","{""sensors"":[""rgb"",""odom""],""derived_inputs"":[],""model_internal_3d_perception"":false,""external_local_avoidance"":false,""uses_shared_path_follower"":true,""uses_shared_velocity_filter"":true}",[],False,False,True,True,Go straight past the aisle ahead. Turn right at the end and proceed forward to approach the fire extinguisher on the last rack.,666,0,30,0,False,26.765199192,0.0,52.172108898624515,103.22,445,0,4.311180003875218,1,1,1.183574402276339,1.181935429573059,1.2406237363815307,1.290197491645813,1.1825942590203085,0.0009801458406694969,20.007011547222632,18.727474858298923,False
ticvla,dynanav_full85_noped_fixed,dynanav_085,warehouse,trajectory_normalized,rgb_only,rgb_only,120.0,"[""rgb"",""motion_state"",""inference_latency"",""instruction""]","{""sensors"":[""rgb"",""odom""],""derived_inputs"":[],""model_internal_3d_perception"":false,""external_local_avoidance"":false,""uses_shared_path_follower"":true,""uses_shared_velocity_filter"":true}",[],False,False,True,True,Go straight past the aisle ahead. Turn right at the end and proceed forward to approach the fire extinguisher on the last rack.,666,0,40,0,False,20.971999934,0.0,68.98643350781725,110.01999999899999,312,0,2.8358480276571156,3,3,1.1856756046809982,1.181702435016632,1.242607742547989,1.358001708984375,1.184679264515902,0.0009963396067145915,20.008823179374584,18.90960307685844,False
omnivla,dynanav_full85_noped_fixed,dynanav_001,hospital,trajectory_normalized,rgb_only,rgb_only,120.0,"[""rgb"",""instruction""]","{""variant"":""omnivla-original"",""resume_step"":120000,""modality_id"":7,""action_shape"":[8,4],""target_inference_rate_hz"":3.0,""sensors"":[""rgb""],""derived_inputs"":[],""model_internal_3d_perception"":false,""external_local_avoidance"":false,""uses_shared_path_follower"":true,""uses_shared_velocity_filter"":true}",[],False,False,True,True,Go straight ahead and stop at the vending machine at front.,666,0,0,0,False,7.18894573,0.0,7.279625863843644,40.079999999,88,0,2.19560878248991,3,3,0.1294657424526307,0.12752674520015717,0.1317519247531891,0.5682184100151062,,,20.017697200138425,19.084784590062416,False
omnivla,dynanav_full85_noped_fixed,dynanav_002,hospital,trajectory_normalized,rgb_only,rgb_only,120.0,"[""rgb"",""instruction""]","{""variant"":""omnivla-original"",""resume_step"":120000,""modality_id"":7,""action_shape"":[8,4],""target_inference_rate_hz"":3.0,""sensors"":[""rgb""],""derived_inputs"":[],""model_internal_3d_perception"":false,""external_local_avoidance"":false,""uses_shared_path_follower"":true,""uses_shared_velocity_filter"":true}",[],False,False,True,True,Go straight ahead and stop at the front of the vending machine at front left.,666,0,10,0,False,5.492509989,0.0,9.869763909862765,50.039999999,160,0,3.1974420464268074,3,2,0.12672628522958868,0.12625692039728165,0.13271348997950555,0.13481099903583527,,,20.014931142392587,19.468529776090826,False
omnivla,dynanav_full85_noped_fixed,dynanav_003,hospital,trajectory_normalized,rgb_only,rgb_only,120.0,"[""rgb"",""instruction""]","{""variant"":""omnivla-original"",""resume_step"":120000,""modality_id"":7,""action_shape"":[8,4],""target_inference_rate_hz"":3.0,""sensors"":[""rgb""],""derived_inputs"":[],""model_internal_3d_perception"":false,""external_local_avoidance"":false,""uses_shared_path_follower"":true,""uses_shared_velocity_filter"":true}",[],False,False,True,True,Go straight ahead and stop at the front of the vending machine at front left.,666,0,20,0,False,7.194719561,0.0,7.297011923540776,60.06,151,0,2.514152514152514,6,5,0.1288601517087162,0.12880118191242218,0.13387359976768493,0.138315811753273,,,20.010828973126408,18.22170118083611,False
omnivla,dynanav_full85_noped_fixed,dynanav_004,hospital,trajectory_normalized,rgb_only,rgb_only,120.0,"[""rgb"",""instruction""]","{""variant"":""omnivla-original"",""resume_step"":120000,""modality_id"":7,""action_shape"":[8,4],""target_inference_rate_hz"":3.0,""sensors"":[""rgb""],""derived_inputs"":[],""model_internal_3d_perception"":false,""external_local_avoidance"":false,""uses_shared_path_follower"":true,""uses_shared_velocity_filter"":true}",[],False,False,True,True,Go straight ahead and stop at the front of the vending machine at front left.,666,0,30,0,False,7.137745799,0.0,7.491457822880313,70.12,308,0,4.392470051340559,5,5,0.12087868551248747,0.1206594668328762,0.12691623494029045,0.13196499645709991,,,20.01297191685783,19.676425548644538,False
